ID_Mahasiswa (NIM/Nama),Gender,IPS_Sem1,IPS_Sem2,IPS_Sem3,IPS_Sem4,Total_SKS_Ambil,Total_SKS_Lulus,Nilai_Matkul_Killer,Jml_Mengulang,Status_Beasiswa,Bekerja
20220451813 - Reza Akbar,Laki-laki,3.45,3.20,2.82,2.91,92,92,78,0,Tidak,Ya
20220454389 - Doni Ananda,Laki-laki,2.84,2.89,3.02,3.00,75,75,78,0,Tidak,Tidak
20230454383 - Siti Salsabila,Perempuan,3.38,3.23,3.89,4.00,94,94,88,0,Ya,Tidak
20230454055 - Galih Syahputra,Laki-laki,2.94,2.83,2.58,2.81,80,74,54,2,Tidak,Ya
20220456392 - Fira Sari,Perempuan,3.35,3.41,3.01,3.09,87,84,73,1,Tidak,Tidak
20230453739 - Tiara Hidayat,Perempuan,2.31,2.25,2.44,2.45,74,62,45,3,Tidak,Tidak
20220457042 - Bagas Aprilia,Laki-laki,3.19,3.61,3.32,3.70,93,93,73,0,Tidak,Ya
20230459984 - Fajar Wijaya,Laki-laki,3.41,3.20,3.59,3.40,94,90,75,1,Tidak,Tidak
20230451130 - Reza Rahman,Laki-laki,2.62,2.64,2.32,2.33,77,71,61,2,Tidak,Tidak
20230458223 - Nisa Sari,Perempuan,2.89,2.93,3.16,3.31,83,83,76,0,Tidak,Tidak
20230457394 - Fauzan Putra,Laki-laki,2.80,2.65,2.81,3.39,82,82,74,0,Tidak,Tidak
20230458214 - Nabila Febrianti,Perempuan,3.42,3.10,3.54,3.64,95,92,70,1,Tidak,Ya
20220455771 - Nadia Yusuf,Perempuan,3.14,3.12,3.33,3.28,88,88,72,0,Tidak,Tidak
20230451980 - Siti Wijaya,Perempuan,3.52,3.61,3.79,3.56,91,91,84,0,Tidak,Tidak
20230452553 - Zahra Permata,Perempuan,3.86,3.95,3.94,3.59,89,89,94,0,Tidak,Tidak
20220452738 - Galih Syahputra,Laki-laki,2.54,2.46,2.57,2.45,82,82,72,0,Tidak,Tidak
20230459590 - Intan Syahputra,Perempuan,1.89,2.25,2.02,2.30,68,64,57,2,Tidak,Ya
20230455297 - Ahmad Permata,Laki-laki,3.88,4.00,4.00,4.00,89,86,84,1,Ya,Tidak
20220452354 - Budi Akbar,Laki-laki,3.24,2.57,3.07,2.94,76,74,72,1,Tidak,Ya
20220457853 - Rani Permata,Perempuan,3.32,3.12,3.14,3.20,88,88,76,0,Tidak,Ya
20220455243 - Arif Saputra,Laki-laki,2.35,2.56,2.37,2.77,87,78,51,3,Tidak,Tidak
20230455878 - Bayu Maharani,Laki-laki,2.21,2.36,2.24,1.86,77,71,42,3,Tidak,Tidak
20230452689 - Aulia Wijaya,Perempuan,3.97,3.59,3.73,4.00,92,92,89,0,Tidak,Tidak
20230457068 - Ilham Maulana,Laki-laki,3.18,2.53,2.69,2.71,74,70,68,1,Tidak,Tidak
20220459104 - Aisyah Sari,Perempuan,3.27,3.24,3.65,3.47,93,93,88,0,Tidak,Tidak
20220454172 - Joko Purnama,Laki-laki,3.46,3.51,3.59,4.00,93,93,80,0,Ya,Ya
20230454083 - Ilham Ramadhan,Laki-laki,2.66,2.64,2.47,2.64,82,78,62,1,Tidak,Tidak
20220454277 - Nabila Setiawan,Perempuan,2.85,3.27,2.60,2.32,80,78,62,1,Tidak,Tidak
20230456887 - Tasya Akbar,Perempuan,2.55,2.40,2.22,2.03,76,74,66,1,Tidak,Tidak
20220456352 - Wahyu Kurniawan,Laki-laki,3.14,2.97,2.79,3.26,85,85,78,0,Tidak,Tidak
20230456979 - Dewi Azizah,Perempuan,2.67,2.27,2.65,2.86,81,73,62,2,Tidak,Tidak
20230454638 - Ilham Yusuf,Laki-laki,2.26,2.23,2.28,2.08,81,69,51,3,Tidak,Tidak
20230456210 - Maya Santoso,Perempuan,2.86,2.98,2.94,2.96,82,82,68,0,Tidak,Tidak
20230452483 - Bagas Akbar,Laki-laki,3.22,3.25,3.29,3.19,91,91,85,0,Tidak,Tidak
20230457744 - Rani Salsabila,Perempuan,3.04,3.31,3.27,3.02,83,80,76,1,Tidak,Tidak
20220455549 - Wulan Kurniawan,Perempuan,2.95,3.13,3.18,3.32,89,89,79,0,Tidak,Tidak
20230455888 - Dewi Akbar,Perempuan,3.29,3.27,3.14,2.98,86,86,82,0,Tidak,Tidak
20230452136 - Citra Hidayat,Perempuan,3.04,3.62,3.60,3.28,89,89,74,0,Tidak,Tidak
20230458284 - Nadia Saputra,Perempuan,3.15,2.80,2.92,2.57,79,76,61,1,Tidak,Tidak
20220455961 - Fauzan Hidayat,Laki-laki,3.24,3.12,2.99,3.39,91,88,72,1,Tidak,Tidak
20220456750 - Salma Sari,Perempuan,2.55,3.01,2.73,2.66,75,75,74,0,Tidak,Tidak
20220451601 - Salma Syahputra,Perempuan,3.73,3.44,3.88,3.61,89,89,85,0,Tidak,Tidak
20230458351 - Fitri Firmansyah,Perempuan,2.13,2.50,2.54,2.36,75,67,47,4,Ya,Tidak
20220451907 - Wahyu Kurniawan,Laki-laki,2.83,2.99,3.20,3.30,90,87,78,1,Tidak,Tidak
20230457903 - Maya Anggraini,Perempuan,3.03,2.98,3.24,3.26,87,87,83,0,Tidak,Tidak
20220459026 - Zahra Laksana,Perempuan,3.11,3.40,3.20,3.26,87,87,79,0,Tidak,Tidak
20220456994 - Rahma Syahputra,Perempuan,2.75,2.93,3.08,2.86,83,79,68,2,Tidak,Ya
20230457783 - Lestari Santoso,Perempuan,2.94,2.88,3.24,3.34,83,80,72,1,Tidak,Tidak
20230456549 - Rangga Pratama,Laki-laki,3.78,3.50,3.82,4.00,94,94,95,0,Ya,Tidak
20220455844 - Fajar Salsabila,Laki-laki,3.11,3.01,3.10,3.16,82,82,70,0,Tidak,Ya
20220456741 - Dimas Fadillah,Laki-laki,2.57,2.33,2.45,2.00,70,64,43,3,Tidak,Tidak
20230458579 - Riska Utami,Perempuan,3.28,3.30,3.43,3.31,88,88,90,0,Tidak,Tidak
20230453415 - Dinda Cahya,Perempuan,3.19,3.23,3.02,3.26,84,81,79,1,Tidak,Ya
20220452341 - Ahmad Anggraini,Laki-laki,3.09,3.19,3.34,3.03,86,86,87,0,Ya,Ya
20230451439 - Rizky Utami,Laki-laki,3.18,3.04,3.46,3.17,88,88,80,0,Tidak,Tidak
20220451716 - Anisa Syahputra,Perempuan,3.45,3.66,3.53,3.49,91,91,82,0,Tidak,Ya
20230457179 - Vina Febrianti,Perempuan,2.58,2.53,2.58,2.97,78,74,63,1,Tidak,Ya
20220458756 - Fauzan Pratama,Laki-laki,3.55,3.60,3.19,3.28,89,89,79,0,Tidak,Ya
20230452809 - Indah Ramadhan,Perempuan,3.25,3.00,3.27,3.21,91,91,84,0,Tidak,Tidak
20230457050 - Wulan Azizah,Perempuan,2.34,2.35,2.47,3.01,74,74,67,0,Tidak,Tidak
20230455586 - Nabila Ananda,Perempuan,2.70,2.71,2.45,2.74,75,75,71,0,Tidak,Tidak
20230452522 - Alif Ramadhan,Laki-laki,2.88,2.48,2.90,3.00,76,76,74,0,Tidak,Tidak
20230458988 - Gilang Permata,Laki-laki,3.09,3.21,3.37,3.42,87,83,73,1,Tidak,Tidak
20220457724 - Arif Yusuf,Laki-laki,2.66,2.86,2.95,2.97,83,81,70,1,Tidak,Tidak
20220458698 - Tiara Nugroho,Perempuan,2.84,3.28,3.40,3.60,83,83,92,0,Tidak,Tidak
20230458118 - Yuni Febrianti,Perempuan,3.43,3.36,3.30,3.07,89,86,75,1,Tidak,Tidak
20220456475 - Dimas Akbar,Laki-laki,3.59,3.57,3.53,3.69,93,93,94,0,Ya,Ya
20230451692 - Fauzan Anggraini,Laki-laki,2.55,2.60,2.73,2.58,84,76,53,2,Tidak,Tidak
20230452836 - Melati Permata,Perempuan,3.05,2.94,2.90,3.14,84,84,73,0,Tidak,Tidak
20230452315 - Siti Azizah,Perempuan,2.26,2.73,2.57,2.73,88,84,65,1,Tidak,Tidak
20220456026 - Tiara Febrianti,Perempuan,3.66,3.62,3.59,3.75,92,92,82,0,Tidak,Tidak
20230451968 - Bagas Aprilia,Laki-laki,2.51,2.14,2.32,2.34,72,64,60,2,Tidak,Tidak
20220455216 - Rangga Saputra,Laki-laki,2.37,2.15,2.23,2.10,81,72,47,3,Tidak,Ya
20220459388 - Hafiz Nugroho,Laki-laki,2.41,2.64,2.21,2.81,84,84,67,0,Tidak,Ya
20230451582 - Wahyu Azizah,Laki-laki,2.95,2.74,3.06,2.76,87,81,63,3,Tidak,Tidak
20230452880 - Indah Wijaya,Perempuan,2.97,3.14,3.71,3.67,83,83,85,0,Tidak,Tidak
20230454127 - Maya Syahputra,Perempuan,2.79,3.06,3.29,2.75,80,80,79,0,Tidak,Tidak
20230457090 - Wulan Febrianti,Perempuan,2.84,2.88,2.80,3.17,83,83,82,0,Tidak,Tidak
20220453495 - Kevin Maulana,Laki-laki,3.52,3.31,3.38,3.03,86,86,78,0,Tidak,Tidak
20230459642 - Maya Permata,Perempuan,3.33,3.62,3.78,3.97,92,92,87,0,Tidak,Ya
20220451246 - Rizky Akbar,Laki-laki,3.91,3.78,3.94,4.00,94,94,88,0,Tidak,Tidak
20220451912 - Yoga Salsabila,Laki-laki,2.55,3.19,2.93,3.30,75,75,82,0,Tidak,Tidak
20230457938 - Yoga Aprilia,Laki-laki,4.00,4.00,3.98,4.00,92,92,96,0,Tidak,Tidak
20220454726 - Siti Syahputra,Perempuan,3.55,3.20,3.55,3.25,90,87,79,1,Tidak,Tidak
20230455516 - Reza Cahya,Laki-laki,3.60,3.63,3.80,3.89,95,95,86,0,Tidak,Tidak
20230453876 - Aldi Sari,Laki-laki,2.70,2.79,2.72,3.35,80,80,69,0,Tidak,Ya
20230455301 - Alif Febrianti,Laki-laki,2.29,2.19,2.42,2.50,71,63,57,2,Tidak,Tidak
20230457237 - Bayu Ananda,Laki-laki,2.40,2.76,2.78,2.87,76,68,66,2,Tidak,Ya
20230454732 - Iqbal Ananda,Laki-laki,3.22,3.37,3.82,4.00,89,89,90,0,Tidak,Tidak
20230459440 - Naufal Yusuf,Laki-laki,2.96,2.91,2.59,2.24,82,82,72,0,Tidak,Ya
20220458607 - Vina Santoso,Perempuan,3.20,3.23,3.06,3.30,92,84,77,2,Tidak,Tidak
20230451263 - Dimas Laksana,Laki-laki,2.90,2.73,2.81,3.02,74,74,82,0,Tidak,Tidak
20230451155 - Rangga Nugroho,Laki-laki,2.22,2.38,2.60,2.58,79,75,49,2,Tidak,Tidak
20220453986 - Anisa Pratama,Perempuan,2.86,2.86,3.60,3.33,87,87,78,0,Tidak,Tidak
20230454964 - Tasya Maharani,Perempuan,2.67,2.43,2.56,2.78,75,72,59,1,Tidak,Ya
20220454831 - Fira Rahman,Perempuan,3.21,3.18,3.13,3.34,87,87,84,0,Tidak,Tidak
20220452480 - Joko Rahman,Laki-laki,3.00,2.97,2.92,2.86,86,83,77,1,Tidak,Tidak
20230458884 - Nabila Syahputra,Perempuan,3.35,3.24,3.48,3.43,90,90,92,0,Tidak,Tidak
20230456808 - Indah Wijaya,Perempuan,2.91,3.15,3.54,3.19,85,82,74,1,Tidak,Tidak
20220457123 - Intan Setiawan,Perempuan,3.48,3.62,4.00,4.00,92,92,88,0,Ya,Ya
20220454103 - Yuni Setiawan,Perempuan,2.38,2.65,2.34,2.90,83,83,68,0,Tidak,Ya
20230452608 - Anisa Kurniawan,Perempuan,3.02,3.38,2.95,3.12,84,84,88,0,Tidak,Tidak
20230452475 - Iqbal Putra,Laki-laki,2.90,3.06,3.33,3.00,92,89,63,1,Tidak,Ya
20220457727 - Indah Utami,Perempuan,2.82,2.77,2.57,2.92,84,84,77,0,Tidak,Tidak
20220451808 - Zahra Santoso,Perempuan,2.75,2.95,2.80,2.71,81,81,80,0,Tidak,Tidak
20220457092 - Maya Cahya,Perempuan,2.66,2.41,2.89,3.25,81,81,77,0,Tidak,Tidak
20230453550 - Nurul Pratama,Perempuan,2.76,3.07,3.33,3.46,90,87,70,1,Tidak,Ya
20220452323 - Bayu Syahputra,Laki-laki,3.26,2.43,2.27,2.47,86,80,50,2,Tidak,Tidak
20230454905 - Hafiz Kurniawan,Laki-laki,3.70,3.79,3.92,4.00,88,88,94,0,Ya,Tidak
20220452285 - Rahma Syahputra,Perempuan,2.74,2.44,3.07,2.78,81,81,63,0,Tidak,Tidak
20220452578 - Rangga Santoso,Laki-laki,3.62,3.23,3.67,3.81,91,91,97,0,Ya,Tidak
20220451613 - Dewi Salsabila,Perempuan,2.98,2.96,2.97,3.00,82,82,72,0,Tidak,Tidak
20230455746 - Gilang Kurniawan,Laki-laki,3.23,3.55,3.28,2.95,91,91,76,0,Tidak,Tidak
20230453260 - Anisa Sari,Perempuan,3.04,3.24,3.06,3.33,91,85,62,2,Tidak,Tidak
20220451269 - Alif Febrianti,Laki-laki,2.38,2.43,2.91,2.77,86,77,48,3,Tidak,Ya
20220456211 - Nurul Santoso,Perempuan,2.62,2.58,2.55,2.40,81,81,71,0,Tidak,Tidak
20230452492 - Ilham Permata,Laki-laki,2.59,2.64,2.76,2.97,77,75,78,1,Tidak,Tidak
20220459575 - Putri Hidayat,Perempuan,2.47,2.70,2.66,2.57,81,75,60,2,Tidak,Ya
20220456383 - Hafiz Fadillah,Laki-laki,3.30,3.23,3.37,3.49,84,81,69,1,Tidak,Tidak
20220452861 - Rian Wijaya,Laki-laki,3.45,3.61,3.25,3.44,94,90,70,1,Tidak,Tidak
20230453745 - Rafi Nugroho,Laki-laki,3.49,3.45,2.97,3.37,84,84,88,0,Tidak,Tidak
20220452557 - Anisa Syahputra,Perempuan,3.59,3.21,3.05,3.22,82,82,86,0,Ya,Tidak
20230459038 - Lestari Anggraini,Perempuan,3.29,3.18,3.28,3.54,92,89,74,1,Tidak,Tidak
20230452045 - Siti Kurniawan,Perempuan,3.21,3.03,3.11,3.08,91,91,82,0,Tidak,Tidak
20220452554 - Dimas Cahya,Laki-laki,3.47,2.95,2.80,2.81,82,82,75,0,Tidak,Ya
20220458964 - Riska Wijaya,Perempuan,2.53,2.98,2.93,3.44,85,82,61,1,Tidak,Ya
20230453728 - Vina Permata,Perempuan,2.65,2.67,3.16,2.80,85,82,73,1,Tidak,Tidak
20230452690 - Nisa Akbar,Perempuan,2.59,3.07,2.79,3.23,78,74,65,1,Tidak,Tidak
20220452766 - Rizky Putra,Laki-laki,2.33,2.49,2.40,2.06,76,61,36,5,Ya,Ya
20220452173 - Rian Santoso,Laki-laki,2.83,2.50,2.75,2.97,87,79,60,2,Tidak,Tidak
20230452416 - Wulan Yusuf,Perempuan,3.18,3.21,3.43,3.26,87,87,84,0,Tidak,Tidak
20220454623 - Lestari Putra,Perempuan,3.40,3.90,3.56,3.89,89,89,97,0,Ya,Tidak
20230454809 - Reza Febrianti,Laki-laki,2.66,2.61,2.95,2.84,80,80,78,0,Tidak,Tidak
20230457983 - Fajar Putra,Laki-laki,2.55,2.23,2.49,2.25,73,53,32,5,Tidak,Ya
20230454221 - Riska Anggraini,Perempuan,2.81,2.98,3.21,3.06,84,84,85,0,Tidak,Tidak
20220451201 - Siti Permata,Perempuan,2.57,2.27,2.77,2.32,75,69,61,2,Tidak,Ya
20230458552 - Nurul Maharani,Perempuan,2.95,2.87,2.51,2.68,83,81,71,1,Tidak,Tidak
20220451525 - Bayu Hidayat,Laki-laki,3.14,3.20,3.48,3.08,92,92,72,0,Tidak,Ya
20220454508 - Rafi Nugroho,Laki-laki,3.86,3.90,4.00,4.00,90,90,85,0,Tidak,Tidak
20220456272 - Ayu Wijaya,Perempuan,2.94,2.92,2.70,2.81,81,69,55,3,Tidak,Tidak
20230458668 - Lestari Santoso,Perempuan,3.65,3.43,3.34,3.32,91,91,90,0,Tidak,Tidak
20220455764 - Fauzan Nugroho,Laki-laki,3.73,3.77,3.52,3.83,95,95,98,0,Ya,Tidak
20220455446 - Yoga Febrianti,Laki-laki,3.06,2.95,3.29,3.12,90,90,87,0,Tidak,Tidak
20220451857 - Anisa Saputra,Perempuan,3.26,3.58,3.40,3.82,95,95,83,0,Ya,Tidak
20230457247 - Yoga Akbar,Laki-laki,2.66,2.65,2.97,3.16,88,88,64,0,Tidak,Ya
20230456284 - Alif Yusuf,Laki-laki,3.30,2.85,3.20,3.36,90,90,84,0,Tidak,Tidak
20230452551 - Kevin Febrianti,Laki-laki,2.06,2.61,2.91,3.13,78,78,71,0,Tidak,Ya
20230453778 - Hafiz Syahputra,Laki-laki,3.09,3.38,3.15,2.87,88,88,73,0,Tidak,Tidak
20220452158 - Dinda Rahman,Perempuan,3.62,3.60,3.65,3.33,93,93,83,0,Ya,Tidak
20220456216 - Vina Maulana,Perempuan,3.35,3.50,3.36,3.07,83,80,87,1,Tidak,Tidak
20230453203 - Rani Maulana,Perempuan,3.10,3.31,2.78,2.89,84,80,66,1,Tidak,Tidak
20220451241 - Reza Yusuf,Laki-laki,2.99,2.96,2.62,3.18,80,80,82,0,Tidak,Tidak
20230458141 - Vina Anggraini,Perempuan,2.57,2.34,2.01,2.43,74,64,46,5,Tidak,Ya
20220451981 - Fajar Saputra,Laki-laki,3.04,3.53,3.53,4.00,88,88,89,0,Ya,Tidak
20230458085 - Fitri Yusuf,Perempuan,3.01,3.12,2.98,2.94,83,80,62,1,Tidak,Tidak
20220456470 - Nurul Saputra,Perempuan,2.33,2.69,2.94,3.19,83,74,60,3,Tidak,Ya
20220455036 - Putri Fadillah,Perempuan,2.73,2.87,2.94,2.66,88,88,68,0,Tidak,Ya
20230455790 - Fajar Cahya,Laki-laki,3.24,3.40,3.26,3.75,93,93,90,0,Ya,Tidak
20230454296 - Iqbal Anggraini,Laki-laki,3.42,3.43,3.53,4.00,91,91,87,0,Tidak,Tidak
20220456458 - Bagas Syahputra,Laki-laki,3.83,3.59,3.81,3.64,93,93,86,0,Tidak,Tidak
20230452048 - Aldi Wijaya,Laki-laki,2.03,2.24,2.22,2.37,68,65,60,1,Tidak,Tidak
20230452588 - Gilang Saputra,Laki-laki,2.80,2.53,2.27,2.15,80,71,56,3,Ya,Tidak
20230453623 - Citra Rahman,Perempuan,3.56,3.58,3.75,3.34,95,95,86,0,Tidak,Ya
20230458345 - Fira Setiawan,Perempuan,2.61,2.23,2.23,2.41,79,77,61,1,Tidak,Ya
20230453761 - Intan Pratama,Perempuan,3.30,3.28,3.67,3.87,96,96,93,0,Tidak,Ya
20230456542 - Alif Yusuf,Laki-laki,2.44,2.50,2.40,2.42,72,63,41,3,Tidak,Tidak
20220453614 - Ahmad Sari,Laki-laki,2.86,2.78,2.87,2.95,77,77,82,0,Tidak,Tidak
20220456753 - Nabila Sari,Perempuan,2.89,3.18,3.06,2.78,82,82,82,0,Tidak,Tidak
20220459626 - Tiara Pratama,Perempuan,3.26,3.60,3.72,4.00,91,91,81,0,Tidak,Ya
20220458180 - Ahmad Azizah,Laki-laki,3.25,3.17,3.60,3.43,82,82,82,0,Tidak,Tidak
20230451140 - Riska Setiawan,Perempuan,3.29,3.41,3.45,3.38,90,90,74,0,Tidak,Tidak
20230457955 - Rahma Yusuf,Perempuan,3.07,2.83,2.55,2.73,75,71,53,2,Tidak,Tidak
20220455960 - Fitri Setiawan,Perempuan,3.38,3.09,3.10,3.50,87,87,91,0,Tidak,Tidak
20220453590 - Rafi Maulana,Laki-laki,3.26,3.29,3.89,3.40,93,89,66,2,Tidak,Tidak
20230451982 - Rian Febrianti,Laki-laki,2.89,2.61,2.91,2.83,85,85,76,0,Tidak,Tidak
20230459170 - Wahyu Putra,Laki-laki,3.56,3.34,3.48,3.99,96,96,82,0,Ya,Tidak
20230453902 - Tiara Ramadhan,Perempuan,3.16,3.79,3.27,3.49,89,89,84,0,Tidak,Tidak
20220455005 - Alif Yusuf,Laki-laki,2.76,2.83,3.03,2.82,88,86,65,1,Tidak,Tidak
20220452711 - Putri Salsabila,Perempuan,2.82,3.03,3.12,3.03,91,91,88,0,Tidak,Tidak
20230451769 - Iqbal Maulana,Laki-laki,3.36,3.51,3.65,3.43,94,94,92,0,Ya,Tidak
20230453375 - Salma Sari,Perempuan,3.56,3.75,4.00,4.00,88,88,92,0,Tidak,Tidak
20220456214 - Nabila Santoso,Perempuan,2.71,2.72,3.29,3.12,75,75,82,0,Tidak,Tidak
20230452399 - Andi Syahputra,Laki-laki,2.49,2.91,3.01,2.62,86,86,80,0,Tidak,Tidak
20220456833 - Rani Febrianti,Perempuan,2.94,2.82,2.73,3.17,78,78,68,0,Tidak,Tidak
20230451238 - Aisyah Sari,Perempuan,2.57,2.89,2.77,2.76,75,72,69,1,Ya,Ya
20230451935 - Rahma Sari,Perempuan,3.17,3.48,3.33,3.16,85,85,86,0,Tidak,Ya
20230452955 - Riska Nugroho,Perempuan,2.65,2.07,2.52,2.77,82,76,52,3,Tidak,Ya
20220455699 - Fauzan Yusuf,Laki-laki,2.69,2.61,2.77,3.08,88,86,58,1,Tidak,Tidak
20220457285 - Tiara Ramadhan,Perempuan,3.58,3.51,3.98,3.91,88,88,76,0,Tidak,Ya
20220458275 - Aulia Setiawan,Perempuan,2.51,3.01,3.03,3.08,84,80,62,2,Tidak,Tidak
20220453617 - Hafiz Maharani,Laki-laki,3.29,3.39,3.90,3.80,91,91,88,0,Tidak,Tidak
20230455387 - Bayu Maharani,Laki-laki,3.57,3.26,3.52,3.36,89,87,82,1,Tidak,Tidak
20220454832 - Nisa Rahman,Perempuan,3.07,3.27,3.29,3.48,90,90,80,0,Tidak,Ya
20230453129 - Nurul Yusuf,Perempuan,2.53,3.01,3.15,2.84,79,79,72,0,Tidak,Tidak
20230453763 - Dewi Purnama,Perempuan,3.93,3.46,3.80,3.40,91,91,93,0,Ya,Ya
20230458257 - Lestari Permata,Perempuan,2.77,2.59,2.72,2.84,88,82,54,2,Tidak,Ya
20220454080 - Citra Maulana,Perempuan,2.71,2.68,2.55,2.56,77,77,68,0,Tidak,Ya
20220454842 - Wulan Maulana,Perempuan,3.09,3.12,3.16,3.48,82,82,84,0,Ya,Tidak
20220459318 - Nurul Purnama,Perempuan,3.22,3.10,2.71,2.42,80,77,73,1,Tidak,Tidak
20230454664 - Aulia Ramadhan,Perempuan,3.13,3.35,3.52,3.36,92,89,79,1,Ya,Tidak
20220451580 - Fauzan Permata,Laki-laki,2.77,2.77,2.72,3.01,86,83,71,1,Tidak,Tidak
20230458047 - Putri Firmansyah,Perempuan,3.04,3.41,3.11,3.86,86,83,72,1,Tidak,Ya
20220455134 - Yuni Setiawan,Perempuan,2.25,2.39,2.62,2.35,79,75,66,2,Tidak,Tidak
20230458354 - Ayu Rahman,Perempuan,2.52,2.77,2.76,2.80,78,75,70,1,Tidak,Ya
20220454564 - Ayu Santoso,Perempuan,2.84,3.03,2.96,2.69,86,80,69,2,Tidak,Ya
20230452149 - Dewi Nugroho,Perempuan,2.73,2.90,3.56,3.87,90,90,85,0,Tidak,Ya
20220458645 - Vina Salsabila,Perempuan,2.47,2.46,2.72,2.57,85,85,74,0,Tidak,Tidak
20220456394 - Rian Firmansyah,Laki-laki,3.19,3.04,3.17,3.51,85,82,76,1,Tidak,Tidak
20230459073 - Fitri Maulana,Perempuan,3.33,3.39,3.52,3.46,89,89,82,0,Tidak,Tidak
20230452691 - Alif Kurniawan,Laki-laki,2.95,2.98,2.64,3.40,86,83,71,1,Tidak,Ya
20230459862 - Siti Nugroho,Perempuan,2.33,2.16,2.47,1.94,82,79,52,1,Tidak,Tidak
20230459514 - Rani Nugroho,Perempuan,2.80,2.59,2.97,3.13,74,71,76,1,Tidak,Ya
20220458750 - Iqbal Setiawan,Laki-laki,3.63,3.11,3.37,3.10,84,84,84,0,Tidak,Tidak
20230455676 - Ilham Ramadhan,Laki-laki,3.23,3.36,3.36,3.43,92,92,76,0,Tidak,Tidak
20230452515 - Fauzan Aprilia,Laki-laki,2.90,3.00,2.91,3.10,80,77,68,1,Tidak,Ya
20230451840 - Maya Anggraini,Perempuan,3.27,3.44,3.31,3.13,88,88,87,0,Tidak,Tidak
20230456312 - Kevin Sari,Laki-laki,2.71,2.76,3.08,2.82,74,74,68,0,Tidak,Ya
20230458246 - Putri Utami,Perempuan,2.69,2.80,2.98,3.32,81,81,74,0,Tidak,Tidak
20220451562 - Rangga Sari,Laki-laki,2.30,2.56,2.69,3.09,79,79,70,0,Tidak,Ya
20220452825 - Doni Pratama,Laki-laki,2.62,2.73,2.76,2.79,83,74,53,3,Tidak,Tidak
20230453293 - Melati Fadillah,Perempuan,3.03,3.37,3.90,3.79,88,86,77,1,Tidak,Tidak
20220453980 - Iqbal Akbar,Laki-laki,2.79,2.77,3.10,2.88,83,83,82,0,Tidak,Tidak
20220457463 - Fitri Permata,Perempuan,3.19,2.99,3.20,3.11,90,90,81,0,Tidak,Tidak
20230452349 - Agung Utami,Laki-laki,2.25,2.29,2.37,2.76,78,74,67,2,Ya,Tidak
20230451860 - Aisyah Purnama,Perempuan,3.09,3.03,3.06,3.04,86,84,88,1,Ya,Tidak
20230455979 - Fitri Ramadhan,Perempuan,3.16,3.23,3.05,2.94,86,80,78,2,Tidak,Tidak
20230459972 - Rafi Santoso,Laki-laki,2.54,2.89,2.33,2.60,88,80,64,2,Tidak,Tidak
20220451064 - Rizky Yusuf,Laki-laki,2.61,3.06,3.00,3.09,80,68,57,3,Tidak,Ya
20220451606 - Rian Utami,Laki-laki,3.42,3.56,3.42,3.57,95,95,85,0,Ya,Tidak
20230456219 - Tasya Setiawan,Perempuan,3.37,3.30,3.23,3.31,89,89,90,0,Tidak,Tidak
20230459856 - Nisa Maulana,Perempuan,3.25,2.96,2.83,3.27,84,84,85,0,Tidak,Ya
20230451533 - Aldi Kurniawan,Laki-laki,2.57,2.68,2.88,2.84,77,77,78,0,Tidak,Tidak
20220452667 - Fitri Aprilia,Perempuan,2.83,3.14,2.90,3.49,89,86,64,1,Tidak,Tidak
20230453220 - Wulan Azizah,Perempuan,2.71,2.73,2.98,2.72,84,84,76,0,Tidak,Ya
20230454052 - Hafiz Akbar,Laki-laki,2.95,2.97,3.12,3.00,82,82,80,0,Tidak,Ya
20230458932 - Melati Maharani,Perempuan,2.96,3.31,3.33,3.39,92,92,86,0,Tidak,Tidak
20230456500 - Citra Permata,Perempuan,2.52,2.70,3.05,2.57,82,73,48,3,Tidak,Tidak
20220451197 - Fajar Akbar,Laki-laki,2.77,2.89,2.77,2.92,85,85,72,0,Tidak,Ya
20230454469 - Riska Setiawan,Perempuan,2.98,2.60,3.15,2.80,87,87,77,0,Tidak,Ya
20230455567 - Ahmad Yusuf,Laki-laki,2.92,3.10,3.18,2.82,87,87,76,0,Tidak,Tidak
20230458915 - Yoga Yusuf,Laki-laki,3.01,2.75,2.73,2.21,78,78,78,0,Tidak,Tidak
20220459126 - Anisa Azizah,Perempuan,3.61,3.63,3.87,3.63,96,96,83,0,Tidak,Ya
20230458067 - Fauzan Hidayat,Laki-laki,2.95,2.63,2.55,2.74,74,74,82,0,Tidak,Tidak
20230452838 - Anisa Setiawan,Perempuan,2.50,2.33,2.09,2.22,72,70,55,1,Tidak,Tidak
20230451607 - Kevin Saputra,Laki-laki,3.47,3.66,3.69,4.00,90,90,83,0,Tidak,Tidak
20230453790 - Riska Aprilia,Perempuan,2.62,3.08,2.37,2.45,84,84,64,0,Tidak,Ya
20230452113 - Agung Kurniawan,Laki-laki,3.67,3.55,3.64,3.80,90,90,77,0,Tidak,Tidak
20220451454 - Fauzan Saputra,Laki-laki,2.44,2.52,2.75,3.32,78,78,71,0,Tidak,Ya
20230452272 - Anisa Sari,Perempuan,3.69,3.66,3.85,3.58,96,96,91,0,Ya,Tidak
20230458644 - Intan Aprilia,Perempuan,3.33,3.01,3.57,3.36,82,82,76,0,Tidak,Tidak
20230452414 - Wulan Santoso,Perempuan,3.04,3.34,3.29,3.01,89,86,67,1,Tidak,Ya
20230454187 - Aldi Akbar,Laki-laki,2.88,2.53,2.76,2.83,75,73,63,1,Tidak,Tidak
20220454590 - Nurul Anggraini,Perempuan,3.55,3.38,3.15,3.24,91,88,70,1,Tidak,Tidak
20230455678 - Yuni Wijaya,Perempuan,3.11,3.19,3.45,3.93,88,86,76,1,Tidak,Tidak
20230453031 - Joko Hidayat,Laki-laki,3.05,2.94,3.15,3.41,87,87,77,0,Tidak,Ya
20220457533 - Dewi Permata,Perempuan,2.49,2.75,2.54,2.54,80,76,58,2,Tidak,Ya
20230452825 - Salma Febrianti,Perempuan,3.33,3.26,3.64,3.72,95,95,80,0,Tidak,Tidak
20220455885 - Wulan Azizah,Perempuan,2.33,2.43,2.53,2.76,83,83,64,0,Tidak,Tidak
20230459212 - Alif Utami,Laki-laki,3.67,3.61,3.57,3.66,95,95,84,0,Ya,Tidak
20230458124 - Maya Setiawan,Perempuan,3.17,3.74,3.06,2.71,92,92,74,0,Tidak,Ya
20220454480 - Maya Purnama,Perempuan,3.02,2.69,2.74,2.55,85,81,66,1,Tidak,Tidak
20220453084 - Vina Santoso,Perempuan,3.73,3.35,3.55,3.37,88,88,94,0,Tidak,Tidak
20230458634 - Kevin Maulana,Laki-laki,3.13,3.05,3.25,3.16,83,77,68,2,Tidak,Ya
20230453334 - Bagas Utami,Laki-laki,3.28,3.02,2.87,2.90,92,92,77,0,Tidak,Tidak
20230456363 - Ilham Permata,Laki-laki,2.79,2.68,2.93,2.99,86,86,82,0,Ya,Tidak
20230456791 - Indah Fadillah,Perempuan,2.99,3.19,3.21,3.09,92,92,79,0,Tidak,Tidak
20220452355 - Yuni Hidayat,Perempuan,3.33,3.26,3.60,4.00,93,89,86,1,Ya,Tidak
20220453879 - Rafi Cahya,Laki-laki,3.25,3.00,3.11,2.79,87,87,75,0,Tidak,Ya
20230456565 - Alif Permata,Laki-laki,2.81,2.60,2.97,2.78,77,74,71,1,Tidak,Tidak
20230456196 - Andi Maulana,Laki-laki,2.80,2.64,2.80,3.22,82,78,71,2,Tidak,Tidak
20230457254 - Joko Permata,Laki-laki,3.10,3.56,3.23,3.21,84,84,92,0,Tidak,Tidak
20230457128 - Maya Kurniawan,Perempuan,3.06,3.21,4.00,4.00,89,89,87,0,Tidak,Tidak
20230458042 - Wahyu Febrianti,Laki-laki,3.84,4.00,4.00,4.00,93,93,89,0,Tidak,Tidak
20220457618 - Budi Maulana,Laki-laki,3.75,4.00,3.74,4.00,96,96,91,0,Tidak,Tidak
20230452525 - Tiara Firmansyah,Perempuan,2.80,3.07,3.66,3.27,82,82,77,0,Tidak,Tidak
20230459877 - Anisa Maharani,Perempuan,2.75,2.87,2.93,3.08,80,74,60,2,Tidak,Tidak
20230457733 - Yuni Akbar,Perempuan,3.73,3.39,3.87,3.43,92,92,88,0,Tidak,Tidak
20230459461 - Vina Santoso,Perempuan,2.37,2.28,2.39,2.44,80,76,64,2,Tidak,Tidak
20220457572 - Nico Azizah,Laki-laki,3.15,3.21,3.67,3.75,91,91,82,0,Tidak,Tidak
20230457190 - Aldi Maulana,Laki-laki,3.46,3.47,3.65,3.96,90,90,92,0,Ya,Ya
20220451205 - Reza Salsabila,Laki-laki,2.99,3.31,2.99,2.82,82,82,83,0,Tidak,Tidak
20220451470 - Bagas Salsabila,Laki-laki,2.76,3.46,3.10,3.52,88,88,88,0,Ya,Tidak
20220451918 - Doni Nugroho,Laki-laki,2.71,2.67,2.49,2.87,79,79,72,0,Tidak,Tidak
20220451547 - Dewi Setiawan,Perempuan,3.26,3.29,3.30,3.88,89,89,83,0,Tidak,Ya
20220459341 - Iqbal Anggraini,Laki-laki,2.72,2.88,2.78,3.09,77,74,72,1,Tidak,Tidak
20230457605 - Citra Cahya,Perempuan,2.84,2.92,2.75,2.39,83,80,72,1,Tidak,Tidak
20230455877 - Salma Putra,Perempuan,2.68,2.44,2.79,2.21,83,77,63,2,Tidak,Ya
20220454019 - Wahyu Cahya,Laki-laki,2.73,2.57,2.54,2.42,83,83,68,0,Tidak,Ya
20220457519 - Tiara Purnama,Perempuan,2.98,3.47,3.84,4.00,94,94,85,0,Tidak,Ya
20230458542 - Rangga Ananda,Laki-laki,2.87,3.11,3.17,2.97,88,88,80,0,Tidak,Ya
20230454884 - Nabila Rahman,Perempuan,3.16,3.25,2.96,3.07,85,83,73,1,Tidak,Tidak
20220454825 - Fira Cahya,Perempuan,2.40,2.40,2.08,2.12,72,69,58,1,Tidak,Ya
20220458850 - Anisa Laksana,Perempuan,3.75,3.75,3.48,3.22,95,92,85,1,Tidak,Tidak
20230457443 - Fitri Azizah,Perempuan,2.57,2.76,2.21,2.59,83,80,65,1,Tidak,Tidak
20230453011 - Wulan Utami,Perempuan,3.66,3.96,3.99,4.00,88,88,84,0,Tidak,Ya
20230457573 - Nurul Fadillah,Perempuan,3.02,3.22,3.42,3.10,84,84,78,0,Tidak,Tidak
20220458930 - Dewi Ananda,Perempuan,2.80,3.65,3.52,3.59,92,89,81,1,Ya,Ya
20230456836 - Aisyah Purnama,Perempuan,2.37,2.27,2.58,2.61,81,75,59,2,Tidak,Tidak
20230456832 - Aulia Purnama,Perempuan,3.29,3.29,3.05,2.97,91,91,89,0,Tidak,Tidak
20220452849 - Rafi Purnama,Laki-laki,3.02,3.31,3.09,3.55,85,82,82,1,Ya,Tidak
20220455781 - Rian Syahputra,Laki-laki,3.46,3.15,3.08,3.31,89,89,82,0,Tidak,Tidak
20220455888 - Wulan Yusuf,Perempuan,3.45,3.47,3.48,3.36,90,86,77,1,Tidak,Ya
20220457220 - Ahmad Saputra,Laki-laki,3.35,2.98,3.19,2.69,83,83,73,0,Tidak,Ya
20230453787 - Melati Fadillah,Perempuan,2.87,3.00,3.23,3.38,89,89,74,0,Tidak,Tidak
20230453821 - Rahma Syahputra,Perempuan,3.08,2.98,3.48,3.28,92,92,74,0,Tidak,Tidak
20220453552 - Putri Pratama,Perempuan,2.52,2.95,3.15,2.84,79,76,74,1,Tidak,Tidak
20230454267 - Fitri Laksana,Perempuan,2.82,3.28,3.50,3.49,84,82,74,1,Ya,Tidak
20230455882 - Fajar Setiawan,Laki-laki,3.12,2.66,2.85,2.51,76,76,73,0,Tidak,Tidak
20220457874 - Aulia Febrianti,Perempuan,3.09,3.39,3.61,3.29,88,85,86,1,Tidak,Tidak
20220458147 - Dimas Laksana,Laki-laki,3.29,3.57,3.34,3.55,91,91,79,0,Tidak,Tidak
20230454404 - Ilham Wijaya,Laki-laki,2.10,2.18,2.33,2.17,81,69,42,4,Tidak,Tidak
20230457259 - Aldi Permata,Laki-laki,2.91,2.72,3.17,3.28,83,79,65,1,Tidak,Tidak
20230454410 - Tasya Wijaya,Perempuan,2.58,2.18,2.43,2.52,82,76,56,3,Tidak,Tidak
20220459612 - Farhan Salsabila,Laki-laki,2.97,3.17,3.27,3.00,84,84,88,0,Tidak,Tidak
20220456668 - Doni Salsabila,Laki-laki,1.74,2.00,1.99,2.22,75,69,60,2,Tidak,Tidak
20230455766 - Melati Hidayat,Perempuan,4.00,4.00,4.00,4.00,89,89,97,0,Ya,Tidak
20230453619 - Nisa Ramadhan,Perempuan,2.91,2.76,2.64,2.72,80,80,80,0,Tidak,Tidak
20220457400 - Joko Santoso,Laki-laki,2.77,3.03,2.82,3.12,74,74,75,0,Tidak,Tidak
20220459550 - Aulia Nugroho,Perempuan,2.97,2.96,3.46,3.24,91,91,71,0,Tidak,Ya
20220456136 - Iqbal Setiawan,Laki-laki,3.55,2.99,3.01,2.72,82,80,78,1,Tidak,Tidak
20230452369 - Iqbal Utami,Laki-laki,2.87,2.11,2.55,2.09,72,57,27,5,Tidak,Tidak
20230453082 - Maya Fadillah,Perempuan,3.69,3.15,3.26,2.84,91,91,78,0,Tidak,Tidak
20220454515 - Indah Maulana,Perempuan,3.57,3.71,3.15,3.77,94,94,92,0,Tidak,Tidak
20220454840 - Tasya Hidayat,Perempuan,2.89,2.72,2.80,2.66,74,71,59,1,Tidak,Ya
20230458900 - Indah Rahman,Perempuan,3.56,3.82,3.70,4.00,93,93,90,0,Tidak,Tidak
20230456458 - Vina Santoso,Perempuan,3.87,3.30,3.27,3.20,94,94,81,0,Ya,Ya
20220455127 - Naufal Utami,Laki-laki,2.66,2.70,2.48,2.38,77,71,62,2,Tidak,Tidak
20220452277 - Farhan Syahputra,Laki-laki,2.91,2.85,2.57,2.90,81,81,75,0,Tidak,Tidak
20230458768 - Anisa Putra,Perempuan,3.62,3.59,3.33,3.45,95,91,77,1,Tidak,Ya
20230459386 - Indah Laksana,Perempuan,2.93,3.11,3.08,3.08,90,90,75,0,Tidak,Tidak
20220454997 - Siti Purnama,Perempuan,2.61,2.98,2.26,2.65,88,85,74,1,Tidak,Ya
20230451591 - Wahyu Aprilia,Laki-laki,2.33,2.69,2.76,2.74,78,74,58,1,Tidak,Tidak
20220457754 - Nurul Yusuf,Perempuan,2.30,2.29,2.55,2.57,68,62,53,2,Tidak,Ya
20230457071 - Fauzan Maulana,Laki-laki,2.92,3.59,3.22,3.14,87,87,88,0,Tidak,Ya
20230454444 - Vina Laksana,Perempuan,3.42,3.68,3.51,3.66,92,92,82,0,Tidak,Ya
20230454175 - Andi Kurniawan,Laki-laki,2.99,2.88,2.76,2.36,81,81,72,0,Tidak,Tidak
20230454214 - Riska Akbar,Perempuan,3.13,2.86,3.50,3.45,82,80,86,1,Ya,Tidak
20230457208 - Wulan Firmansyah,Perempuan,2.19,2.25,2.64,2.77,71,62,44,3,Tidak,Ya
20230459251 - Iqbal Permata,Laki-laki,3.53,3.20,3.44,3.46,88,88,85,0,Tidak,Tidak
20220456050 - Aulia Anggraini,Perempuan,3.06,3.37,3.37,2.98,84,84,76,0,Tidak,Ya
20230453616 - Wulan Ramadhan,Perempuan,2.90,2.85,2.96,2.53,82,79,65,1,Tidak,Ya
20220451838 - Aldi Pratama,Laki-laki,2.98,3.13,3.28,3.18,85,77,65,2,Tidak,Tidak
20230459694 - Agung Nugroho,Laki-laki,3.25,3.22,3.17,3.28,84,84,78,0,Tidak,Tidak
20220455102 - Rafi Sari,Laki-laki,2.97,3.24,3.10,3.26,88,84,65,2,Tidak,Tidak
20230452918 - Wulan Salsabila,Perempuan,2.62,2.78,2.75,2.71,86,84,65,1,Tidak,Ya
20230452910 - Dewi Purnama,Perempuan,2.67,2.60,2.67,2.31,80,80,82,0,Tidak,Ya
20230455437 - Galih Rahman,Laki-laki,3.49,3.67,3.55,3.35,89,89,89,0,Ya,Tidak
20230453983 - Melati Febrianti,Perempuan,2.67,2.75,2.30,2.43,79,79,71,0,Tidak,Tidak
20230458481 - Lestari Salsabila,Perempuan,3.53,3.88,3.49,3.65,88,88,94,0,Ya,Ya
20220459939 - Anisa Anggraini,Perempuan,3.39,3.38,3.67,4.00,89,89,81,0,Tidak,Tidak
20230457550 - Nico Saputra,Laki-laki,3.65,3.77,3.84,3.70,88,88,85,0,Tidak,Tidak
20230457725 - Dimas Pratama,Laki-laki,3.66,3.02,3.08,2.74,83,83,82,0,Tidak,Tidak
20230451929 - Intan Yusuf,Perempuan,3.19,3.35,3.47,3.05,85,82,81,1,Tidak,Tidak
20220454285 - Lestari Syahputra,Perempuan,3.33,3.25,3.51,3.74,93,90,87,1,Tidak,Tidak
20230456833 - Zahra Setiawan,Perempuan,3.28,3.37,3.60,3.74,88,88,78,0,Tidak,Tidak
20230453621 - Budi Saputra,Laki-laki,3.00,2.72,3.38,3.21,90,87,76,1,Tidak,Tidak
20220458841 - Citra Santoso,Perempuan,3.70,2.77,2.97,2.31,80,74,63,2,Tidak,Tidak
20220451060 - Intan Febrianti,Perempuan,2.74,2.62,2.58,2.32,83,77,59,2,Tidak,Ya
20220451846 - Fitri Pratama,Perempuan,3.83,3.93,4.00,4.00,95,95,97,0,Tidak,Tidak
20230456464 - Dinda Santoso,Perempuan,2.92,3.11,3.42,3.51,86,86,87,0,Ya,Tidak
20230452893 - Nico Salsabila,Laki-laki,3.32,3.41,3.42,3.77,96,96,92,0,Ya,Tidak
20220452367 - Dewi Maharani,Perempuan,3.74,3.52,3.69,3.94,96,96,87,0,Tidak,Tidak
20230451978 - Rangga Aprilia,Laki-laki,2.45,2.87,2.77,3.27,74,74,79,0,Tidak,Tidak
20230456278 - Maya Cahya,Perempuan,3.05,3.26,3.50,3.58,90,90,75,0,Tidak,Ya
20230457199 - Rahma Firmansyah,Perempuan,3.84,4.00,3.85,4.00,89,89,84,0,Ya,Ya
20230459840 - Doni Utami,Laki-laki,2.20,1.82,1.69,1.63,74,67,47,1,Tidak,Tidak
20230451403 - Agung Wijaya,Laki-laki,3.42,3.43,3.28,3.08,84,84,81,0,Ya,Tidak
20230457873 - Kevin Maharani,Laki-laki,3.16,2.98,3.33,2.96,84,84,84,0,Tidak,Ya
20220453831 - Farhan Hidayat,Laki-laki,2.20,2.10,2.80,2.38,71,68,70,1,Tidak,Ya
20230452002 - Riska Sari,Perempuan,3.96,3.73,3.79,4.00,88,88,93,0,Tidak,Tidak
20230451096 - Fauzan Purnama,Laki-laki,3.46,3.67,4.00,4.00,94,94,88,0,Ya,Tidak
20230451419 - Kevin Ananda,Laki-laki,2.75,2.62,2.93,3.09,74,74,75,0,Tidak,Tidak
20220458365 - Dewi Wijaya,Perempuan,3.27,3.65,3.63,3.60,96,96,89,0,Tidak,Tidak
20220455908 - Aldi Aprilia,Laki-laki,3.67,3.46,3.57,3.52,91,91,93,0,Ya,Tidak
20220451868 - Rani Firmansyah,Perempuan,2.94,2.57,3.11,3.02,74,74,82,0,Tidak,Tidak
20220452784 - Intan Pratama,Perempuan,2.55,3.02,2.84,2.84,74,71,70,1,Tidak,Ya
20230455021 - Rian Anggraini,Laki-laki,3.11,2.72,2.72,2.84,80,78,69,1,Tidak,Tidak
20230458477 - Rizky Wijaya,Laki-laki,3.73,4.00,3.94,3.64,90,90,88,0,Tidak,Tidak
20220455422 - Joko Putra,Laki-laki,3.43,2.85,2.76,2.92,75,75,77,0,Tidak,Tidak
20220452125 - Fitri Azizah,Perempuan,2.48,2.58,2.55,2.33,70,64,60,2,Tidak,Tidak
20220457849 - Nisa Kurniawan,Perempuan,2.74,2.57,2.58,3.00,78,78,69,0,Ya,Ya
20230451532 - Rangga Hidayat,Laki-laki,3.35,3.39,3.25,2.99,92,88,75,1,Tidak,Tidak
20230455066 - Hafiz Firmansyah,Laki-laki,2.52,3.15,2.73,3.08,84,84,82,0,Tidak,Tidak
20220459207 - Budi Hidayat,Laki-laki,3.22,3.11,3.59,3.51,83,83,78,0,Tidak,Tidak
20230452335 - Nadia Azizah,Perempuan,2.47,2.91,2.87,2.91,84,84,82,0,Tidak,Tidak
20230459730 - Maya Maulana,Perempuan,3.01,3.17,3.16,3.58,89,89,87,0,Ya,Tidak
20230457088 - Hafiz Yusuf,Laki-laki,3.11,3.20,3.12,3.18,92,86,64,2,Ya,Tidak
20230458280 - Doni Salsabila,Laki-laki,2.54,2.94,2.98,3.16,75,72,72,1,Tidak,Tidak
20230458209 - Rizky Akbar,Laki-laki,3.07,3.69,3.36,3.47,83,79,71,1,Tidak,Ya
20220459848 - Melati Aprilia,Perempuan,2.05,2.68,2.85,3.15,88,82,63,2,Tidak,Tidak
20220458716 - Anisa Maulana,Perempuan,3.08,3.00,3.32,2.90,92,92,78,0,Tidak,Ya
20230459835 - Intan Rahman,Perempuan,2.86,3.08,3.83,3.35,92,92,86,0,Tidak,Tidak
20220452465 - Joko Salsabila,Laki-laki,3.77,3.84,3.43,3.47,95,95,82,0,Tidak,Tidak
20230455290 - Ilham Purnama,Laki-laki,3.56,3.51,3.48,3.30,89,86,78,1,Ya,Tidak
20230455465 - Zahra Purnama,Perempuan,2.88,3.04,3.19,2.85,88,88,80,0,Tidak,Tidak
20220456977 - Nico Ananda,Laki-laki,2.70,2.95,3.07,3.07,75,75,82,0,Tidak,Tidak
20220453897 - Kevin Firmansyah,Laki-laki,3.23,3.48,3.36,3.58,90,90,75,0,Tidak,Tidak
20230455697 - Wahyu Ramadhan,Laki-laki,3.03,2.87,2.86,3.02,88,86,69,1,Tidak,Ya
20220452670 - Fitri Setiawan,Perempuan,3.11,3.40,3.29,3.49,91,88,72,1,Tidak,Tidak
20230458851 - Ahmad Firmansyah,Laki-laki,3.45,3.68,3.73,4.00,94,94,85,0,Tidak,Tidak
20220455684 - Kevin Hidayat,Laki-laki,2.82,2.54,2.49,3.04,85,85,75,0,Tidak,Tidak
20220454369 - Doni Purnama,Laki-laki,3.20,3.36,4.00,4.00,94,94,91,0,Ya,Tidak
20220456375 - Fauzan Fadillah,Laki-laki,2.40,2.68,2.79,2.91,85,79,56,2,Tidak,Ya
20220453325 - Aulia Purnama,Perempuan,3.12,3.23,3.08,3.10,89,87,81,1,Tidak,Ya
20220452563 - Fauzan Ananda,Laki-laki,3.10,3.18,3.00,3.25,84,84,73,0,Tidak,Ya
20230455063 - Rangga Azizah,Laki-laki,3.30,3.20,3.32,3.35,86,86,80,0,Tidak,Tidak
20230453367 - Rian Salsabila,Laki-laki,2.49,2.95,3.00,2.92,76,72,61,2,Tidak,Tidak
20230458931 - Nico Aprilia,Laki-laki,2.73,2.98,3.03,3.09,85,85,81,0,Tidak,Tidak
20220452326 - Salma Syahputra,Perempuan,3.77,4.00,3.96,3.85,89,87,87,1,Tidak,Tidak
20220459707 - Joko Anggraini,Laki-laki,2.24,2.37,2.68,2.58,70,50,44,5,Ya,Tidak
20220458484 - Vina Ananda,Perempuan,2.94,2.63,3.39,3.35,85,85,78,0,Tidak,Tidak
20230459914 - Intan Saputra,Perempuan,2.24,2.14,2.53,2.41,80,68,41,3,Tidak,Ya
20220452581 - Dimas Permata,Laki-laki,3.09,2.84,2.97,3.04,87,87,79,0,Tidak,Tidak
20230459522 - Zahra Cahya,Perempuan,2.78,2.53,2.40,2.13,77,65,40,4,Tidak,Ya
20230457416 - Salma Aprilia,Perempuan,3.16,3.11,3.02,3.08,91,89,73,1,Tidak,Tidak
20230456663 - Vina Putra,Perempuan,2.94,2.68,3.20,2.82,86,86,68,0,Tidak,Ya
20220455709 - Arif Santoso,Laki-laki,2.65,2.61,2.99,3.30,88,88,71,0,Tidak,Tidak
20230457735 - Naufal Firmansyah,Laki-laki,3.54,3.42,3.51,3.30,88,88,78,0,Tidak,Tidak
20220458514 - Andi Firmansyah,Laki-laki,3.76,3.51,4.00,4.00,90,90,87,0,Ya,Tidak
20230457480 - Fauzan Nugroho,Laki-laki,3.46,3.19,3.39,3.51,90,90,70,0,Tidak,Tidak
20220457745 - Wahyu Setiawan,Laki-laki,3.03,3.06,2.75,3.06,88,88,76,0,Tidak,Ya
20220458937 - Tiara Maulana,Perempuan,1.52,2.10,2.11,2.50,79,71,38,4,Tidak,Tidak
20230458288 - Yuni Cahya,Perempuan,3.04,2.82,3.18,3.37,84,84,77,0,Tidak,Ya
20230454063 - Agung Pratama,Laki-laki,2.37,2.97,2.58,3.09,85,83,65,1,Tidak,Tidak
20230451256 - Anisa Saputra,Perempuan,2.56,2.83,2.69,2.98,83,83,73,0,Tidak,Tidak
20230452025 - Citra Nugroho,Perempuan,3.04,3.25,3.43,3.82,85,85,73,0,Tidak,Ya
20230452867 - Putri Salsabila,Perempuan,2.44,2.51,2.49,2.65,77,77,73,0,Tidak,Tidak
20230457862 - Aldi Purnama,Laki-laki,3.01,3.46,3.58,3.56,95,95,82,0,Tidak,Tidak
20230458952 - Bagas Utami,Laki-laki,4.00,3.50,3.74,3.84,95,95,83,0,Ya,Tidak
20220456802 - Budi Ananda,Laki-laki,1.90,1.55,1.93,1.58,79,71,50,2,Tidak,Ya
20220453251 - Dimas Azizah,Laki-laki,2.84,2.95,2.90,2.86,81,81,73,0,Tidak,Tidak
20230459623 - Gilang Sari,Laki-laki,2.98,2.98,3.13,3.31,92,92,86,0,Tidak,Tidak
20220452196 - Rian Aprilia,Laki-laki,3.00,3.08,3.05,3.25,85,85,88,0,Tidak,Tidak
20230451984 - Doni Firmansyah,Laki-laki,3.55,3.46,3.66,3.54,93,89,87,1,Tidak,Ya
20230459510 - Dimas Salsabila,Laki-laki,3.18,3.18,2.84,3.15,85,85,78,0,Tidak,Tidak
20220451748 - Riska Kurniawan,Perempuan,3.41,3.11,3.14,3.15,87,87,75,0,Tidak,Ya
20220456887 - Yuni Ananda,Perempuan,3.80,3.86,3.67,3.89,94,94,90,0,Tidak,Tidak
20220458487 - Fira Setiawan,Perempuan,3.07,3.15,3.12,3.30,84,84,85,0,Tidak,Ya
20230455919 - Nurul Azizah,Perempuan,3.46,3.66,3.99,3.86,96,96,95,0,Ya,Tidak
20230454889 - Maya Ramadhan,Perempuan,3.16,3.27,3.16,3.21,85,85,84,0,Tidak,Tidak
20230453342 - Joko Febrianti,Laki-laki,3.62,3.65,3.69,3.72,96,96,95,0,Tidak,Tidak
20220453332 - Doni Rahman,Laki-laki,3.34,3.21,2.87,2.98,90,90,81,0,Tidak,Tidak
20220453112 - Aulia Anggraini,Perempuan,2.86,2.92,2.78,2.83,75,75,82,0,Ya,Ya
20230453840 - Nisa Febrianti,Perempuan,2.66,3.04,3.14,3.42,88,88,76,0,Tidak,Tidak
20220455252 - Rahma Fadillah,Perempuan,2.75,3.04,2.98,3.07,78,74,74,2,Tidak,Tidak
20230453706 - Yuni Laksana,Perempuan,3.15,3.51,3.13,3.85,93,90,82,1,Tidak,Ya
20230457232 - Bayu Febrianti,Laki-laki,3.25,3.06,2.44,2.47,87,87,69,0,Tidak,Ya
20230452995 - Ilham Santoso,Laki-laki,3.04,2.59,3.20,2.81,82,82,79,0,Tidak,Tidak
20230458924 - Dewi Kurniawan,Perempuan,2.25,2.20,2.34,2.16,81,72,51,3,Tidak,Tidak
20230457713 - Ayu Pratama,Perempuan,3.62,3.38,3.40,3.47,90,88,82,1,Tidak,Ya
20220459353 - Citra Pratama,Perempuan,2.66,2.73,2.96,2.78,77,73,66,1,Tidak,Tidak
20220455672 - Bayu Salsabila,Laki-laki,2.86,2.97,2.94,3.02,88,76,56,3,Tidak,Ya
20220451874 - Hafiz Azizah,Laki-laki,2.76,2.65,2.70,2.77,76,64,53,3,Tidak,Tidak
20220452505 - Nadia Rahman,Perempuan,3.30,3.11,2.86,2.78,83,77,62,2,Tidak,Tidak
20230456699 - Putri Pratama,Perempuan,2.22,1.84,2.15,1.94,68,60,52,2,Tidak,Tidak
20220459643 - Rizky Rahman,Laki-laki,2.45,2.26,2.41,2.82,75,73,67,1,Tidak,Tidak
20230452632 - Indah Setiawan,Perempuan,2.96,3.17,3.54,3.09,88,88,76,0,Tidak,Tidak
20230455005 - Dimas Maulana,Laki-laki,3.17,3.28,3.66,3.41,88,80,70,2,Tidak,Tidak
20230455733 - Dinda Salsabila,Perempuan,2.48,2.87,3.30,3.13,85,82,72,1,Tidak,Ya
20230457637 - Rangga Sari,Laki-laki,2.52,2.79,2.57,2.69,87,87,70,0,Tidak,Tidak
20230456812 - Budi Firmansyah,Laki-laki,2.87,3.05,3.32,3.38,89,89,89,0,Tidak,Ya
20220456124 - Siti Rahman,Perempuan,2.91,3.17,3.29,3.91,91,91,85,0,Tidak,Tidak
20220455746 - Zahra Putra,Perempuan,3.79,4.00,4.00,4.00,95,92,79,1,Tidak,Tidak
20230453820 - Naufal Aprilia,Laki-laki,2.79,2.82,2.39,2.57,74,74,81,0,Ya,Ya
20230456462 - Agung Akbar,Laki-laki,3.13,3.45,3.78,4.00,89,89,81,0,Tidak,Ya
20230459526 - Nico Santoso,Laki-laki,2.57,2.38,3.36,3.38,86,82,70,1,Tidak,Tidak
20220456125 - Citra Syahputra,Perempuan,2.20,2.64,2.51,2.52,78,69,52,3,Tidak,Tidak
20220455231 - Wahyu Fadillah,Laki-laki,2.76,2.87,2.59,2.73,84,75,55,3,Tidak,Tidak
20220458374 - Nisa Ananda,Perempuan,2.56,2.52,2.51,2.61,75,63,50,3,Tidak,Tidak
20230458193 - Fitri Maharani,Perempuan,3.52,3.24,2.92,2.74,84,84,81,0,Ya,Tidak
20230453838 - Putri Nugroho,Perempuan,3.24,3.43,3.02,2.87,91,91,81,0,Tidak,Ya
20230454699 - Fira Utami,Perempuan,3.12,3.16,3.56,3.62,91,91,76,0,Tidak,Tidak
20220452339 - Joko Ramadhan,Laki-laki,3.07,2.74,2.99,3.06,80,71,63,3,Tidak,Tidak
20230456818 - Dewi Ramadhan,Perempuan,3.80,3.74,4.00,4.00,96,96,80,0,Tidak,Ya
20230453658 - Joko Permata,Laki-laki,2.46,3.02,3.12,3.12,81,79,75,1,Tidak,Ya
20220453494 - Salma Putra,Perempuan,3.33,3.36,3.42,3.62,90,90,88,0,Tidak,Tidak
20230453332 - Yoga Kurniawan,Laki-laki,2.95,2.85,3.06,2.63,83,74,51,3,Tidak,Tidak
20230459361 - Iqbal Anggraini,Laki-laki,2.93,2.81,2.66,2.40,88,82,64,2,Tidak,Tidak
20220457989 - Tiara Febrianti,Perempuan,2.64,2.39,2.62,2.43,84,76,51,2,Tidak,Ya
20220452096 - Tasya Santoso,Perempuan,2.98,3.02,2.93,2.90,77,77,71,0,Tidak,Tidak
20220458230 - Rahma Purnama,Perempuan,2.67,2.98,3.13,2.96,85,85,78,0,Tidak,Tidak
20230455777 - Intan Fadillah,Perempuan,3.51,3.34,3.92,3.88,96,96,90,0,Ya,Tidak
20230455452 - Naufal Salsabila,Laki-laki,2.82,3.17,2.89,3.31,84,81,69,1,Tidak,Tidak
20230459314 - Nisa Utami,Perempuan,2.66,2.97,2.76,3.07,88,80,59,2,Tidak,Tidak
20230457155 - Gilang Akbar,Laki-laki,2.80,2.75,2.59,2.72,76,76,72,0,Tidak,Ya
20220455666 - Zahra Laksana,Perempuan,3.04,3.05,2.92,2.69,76,76,82,0,Tidak,Tidak
20220456412 - Maya Kurniawan,Perempuan,2.86,2.57,2.37,1.82,80,77,69,1,Tidak,Ya
20220457914 - Vina Laksana,Perempuan,3.31,2.92,3.73,3.71,94,94,83,0,Tidak,Tidak
20220459197 - Fira Firmansyah,Perempuan,2.57,2.50,2.16,2.30,70,58,41,4,Tidak,Ya
20220455194 - Nurul Maharani,Perempuan,3.34,3.44,3.35,2.87,92,88,64,1,Tidak,Tidak
20230458421 - Agung Saputra,Laki-laki,3.28,3.39,3.50,3.68,93,85,64,2,Tidak,Tidak
20230456909 - Galih Maharani,Laki-laki,2.99,3.28,3.37,3.01,88,88,80,0,Tidak,Tidak
20230457891 - Maya Rahman,Perempuan,2.81,2.63,3.01,2.72,74,70,71,1,Tidak,Ya
20220454216 - Doni Aprilia,Laki-laki,3.17,2.93,3.49,3.14,91,91,63,0,Tidak,Tidak
20220455582 - Andi Yusuf,Laki-laki,3.49,3.66,3.71,3.41,92,92,90,0,Ya,Tidak
20230457017 - Naufal Purnama,Laki-laki,3.26,2.96,3.43,3.66,90,90,85,0,Tidak,Tidak
20220459180 - Ilham Akbar,Laki-laki,2.70,2.96,3.01,3.09,77,73,65,1,Tidak,Tidak
20230455818 - Galih Ananda,Laki-laki,3.15,3.22,3.02,3.28,86,86,83,0,Ya,Ya
20220457258 - Yoga Yusuf,Laki-laki,3.28,3.01,3.78,3.87,93,93,90,0,Tidak,Tidak
20230452120 - Yuni Ananda,Perempuan,3.27,2.78,3.12,2.85,85,85,79,0,Tidak,Tidak
20230458716 - Vina Anggraini,Perempuan,3.26,3.22,3.30,3.50,86,86,80,0,Tidak,Tidak
20230459328 - Rizky Utami,Laki-laki,2.11,2.12,2.46,2.37,75,66,47,3,Tidak,Ya
20230458808 - Siti Fadillah,Perempuan,2.56,2.69,2.62,2.83,80,77,59,1,Tidak,Tidak
20220455353 - Dinda Santoso,Perempuan,2.68,2.66,2.27,2.25,82,73,54,3,Tidak,Tidak
20230456799 - Yoga Wijaya,Laki-laki,3.14,3.42,3.42,3.37,88,88,88,0,Tidak,Ya
20230452219 - Fauzan Nugroho,Laki-laki,3.62,3.92,4.00,4.00,92,92,83,0,Tidak,Ya
20220457689 - Fitri Ananda,Perempuan,2.57,2.28,1.93,2.39,69,61,50,2,Tidak,Ya
20230459072 - Indah Wijaya,Perempuan,3.09,3.39,3.31,3.33,87,87,76,0,Tidak,Tidak
20230458944 - Agung Ramadhan,Laki-laki,3.55,3.43,3.79,4.00,88,88,96,0,Tidak,Tidak
20220457134 - Riska Setiawan,Perempuan,3.13,3.15,2.69,2.58,80,80,78,0,Tidak,Tidak
20230455359 - Reza Fadillah,Laki-laki,2.80,3.35,3.68,3.70,90,90,87,0,Tidak,Tidak
20220454968 - Anisa Febrianti,Perempuan,2.96,3.23,3.07,3.26,92,92,77,0,Tidak,Tidak
20230452262 - Yoga Syahputra,Laki-laki,4.00,3.93,3.99,3.72,91,91,87,0,Tidak,Tidak
20220452016 - Budi Saputra,Laki-laki,2.65,3.24,2.64,2.94,76,76,66,0,Tidak,Ya
20220456569 - Doni Sari,Laki-laki,2.88,3.12,2.76,3.05,80,78,82,1,Tidak,Tidak
20230458360 - Nadia Maharani,Perempuan,2.75,2.86,3.15,3.51,90,90,76,0,Tidak,Ya
20220453471 - Wulan Kurniawan,Perempuan,3.17,3.63,3.29,2.95,86,86,87,0,Ya,Ya
20230459264 - Bagas Rahman,Laki-laki,2.91,3.03,2.91,3.60,89,89,80,0,Tidak,Ya
20230459880 - Doni Laksana,Laki-laki,3.41,3.53,3.47,3.22,94,92,79,1,Tidak,Ya
20230453781 - Hafiz Saputra,Laki-laki,1.92,2.03,2.37,2.46,69,66,50,1,Tidak,Tidak
20230459807 - Wahyu Santoso,Laki-laki,3.40,3.07,3.28,3.00,83,80,65,1,Tidak,Ya
20220455941 - Tiara Maulana,Perempuan,3.03,3.19,3.32,3.27,86,84,69,1,Tidak,Tidak
20220456056 - Joko Kurniawan,Laki-laki,3.04,2.80,3.32,3.06,90,90,72,0,Tidak,Ya
20230455087 - Fauzan Pratama,Laki-laki,2.26,2.56,2.44,2.50,81,77,60,2,Tidak,Tidak
20230451462 - Dinda Rahman,Perempuan,2.96,2.89,3.36,3.36,91,91,82,0,Tidak,Tidak
20220456449 - Rian Putra,Laki-laki,3.81,3.83,4.00,4.00,88,88,89,0,Tidak,Tidak
20220451364 - Nico Wijaya,Laki-laki,2.79,3.28,3.01,2.88,75,75,82,0,Ya,Ya
20230454423 - Budi Santoso,Laki-laki,2.90,2.66,3.10,3.12,75,69,74,2,Tidak,Tidak
20230459001 - Maya Syahputra,Perempuan,2.85,2.84,2.42,2.72,85,85,82,0,Tidak,Tidak
20220459665 - Nico Akbar,Laki-laki,2.69,3.15,3.32,3.83,86,86,78,0,Tidak,Tidak
20220458123 - Rangga Pratama,Laki-laki,2.56,2.81,2.40,3.01,88,85,69,1,Tidak,Tidak
20230458282 - Kevin Pratama,Laki-laki,2.57,2.33,2.61,2.47,68,60,63,2,Tidak,Tidak
20220452510 - Doni Hidayat,Laki-laki,3.85,3.91,3.46,3.61,89,89,95,0,Ya,Tidak
20230456418 - Tasya Aprilia,Perempuan,3.25,3.11,3.50,3.30,88,88,88,0,Tidak,Tidak
20220453972 - Bagas Laksana,Laki-laki,3.13,3.13,3.18,3.22,89,89,84,0,Tidak,Tidak
20220454137 - Vina Salsabila,Perempuan,3.49,3.45,3.05,3.45,86,83,79,1,Tidak,Tidak
20230451400 - Riska Hidayat,Perempuan,3.23,3.58,3.65,3.92,96,92,78,1,Ya,Tidak
20220453678 - Budi Maharani,Laki-laki,2.57,2.73,2.99,3.04,74,72,71,1,Tidak,Ya
20220458092 - Fauzan Azizah,Laki-laki,1.72,1.62,1.89,1.72,73,67,42,2,Tidak,Tidak
20220457640 - Siti Hidayat,Perempuan,2.23,2.64,2.73,2.81,86,86,82,0,Tidak,Tidak
20230454619 - Gilang Laksana,Laki-laki,3.38,2.82,3.04,3.29,92,88,70,1,Tidak,Tidak
20230452877 - Melati Putra,Perempuan,2.81,3.19,3.24,2.83,86,80,65,2,Tidak,Ya
20230453377 - Ahmad Firmansyah,Laki-laki,2.04,2.67,2.66,2.44,78,72,54,2,Tidak,Ya
20230456779 - Rafi Wijaya,Laki-laki,2.91,3.35,3.44,3.20,89,89,78,0,Tidak,Tidak
20230457371 - Aisyah Kurniawan,Perempuan,2.44,2.48,2.48,2.43,75,63,37,4,Tidak,Ya
20230454135 - Rani Aprilia,Perempuan,3.46,3.22,3.03,2.85,90,90,87,0,Ya,Ya
20230454616 - Gilang Anggraini,Laki-laki,3.61,3.72,4.00,4.00,95,95,90,0,Tidak,Tidak
20220458857 - Fitri Cahya,Perempuan,2.91,3.01,3.01,3.20,82,82,72,0,Tidak,Tidak
20230452621 - Fitri Pratama,Perempuan,3.80,3.95,3.98,3.80,94,94,94,0,Tidak,Tidak
20230457825 - Farhan Ananda,Laki-laki,3.41,3.42,3.53,3.04,86,83,70,1,Tidak,Ya
20230452461 - Aisyah Azizah,Perempuan,2.48,2.70,2.40,2.45,80,80,81,0,Tidak,Tidak
20230457268 - Siti Setiawan,Perempuan,2.86,2.96,3.50,2.82,89,86,76,1,Tidak,Ya
20230455815 - Riska Syahputra,Perempuan,2.93,3.40,3.24,3.28,83,83,72,0,Tidak,Ya
20230458016 - Rani Santoso,Perempuan,3.32,3.32,3.26,3.06,83,83,74,0,Tidak,Tidak
20220452071 - Putri Cahya,Perempuan,2.81,2.99,3.05,3.25,85,85,69,0,Tidak,Tidak
20220454025 - Indah Sari,Perempuan,2.97,2.89,3.20,3.04,86,86,76,0,Tidak,Ya
20230458619 - Galih Syahputra,Laki-laki,3.91,3.59,3.58,3.01,93,93,77,0,Tidak,Tidak
20230454056 - Intan Laksana,Perempuan,2.88,2.62,2.73,2.78,81,81,82,0,Tidak,Tidak
20220457526 - Arif Salsabila,Laki-laki,2.63,2.37,2.50,2.23,72,64,48,4,Tidak,Ya
20230459950 - Naufal Permata,Laki-laki,3.18,3.41,3.62,3.67,94,94,86,0,Tidak,Tidak
20230452558 - Lestari Sari,Perempuan,2.87,3.28,3.24,3.44,86,86,89,0,Ya,Tidak
20220451751 - Wulan Hidayat,Perempuan,3.09,2.90,2.84,3.28,86,86,74,0,Tidak,Ya
20230453768 - Zahra Maulana,Perempuan,3.38,3.25,3.36,3.51,90,88,85,1,Ya,Tidak
20220452904 - Aldi Pratama,Laki-laki,2.41,2.13,2.46,2.50,68,66,58,1,Tidak,Tidak
20220451490 - Andi Utami,Laki-laki,1.97,2.05,2.31,2.65,68,52,41,4,Tidak,Tidak
20220458037 - Naufal Pratama,Laki-laki,3.32,3.00,3.36,3.69,89,86,75,1,Tidak,Tidak
20220452998 - Putri Cahya,Perempuan,2.32,2.22,2.37,2.56,69,65,60,2,Tidak,Tidak
20230454278 - Vina Laksana,Perempuan,2.64,2.72,2.57,2.27,85,82,62,1,Tidak,Ya
20230455664 - Nisa Cahya,Perempuan,3.61,3.24,3.65,3.46,96,96,87,0,Tidak,Tidak
20230458510 - Riska Hidayat,Perempuan,2.34,2.72,2.24,2.65,76,73,53,1,Tidak,Tidak
20230455135 - Bagas Maulana,Laki-laki,2.94,3.01,2.97,2.90,78,78,71,0,Tidak,Ya
20220454888 - Wulan Febrianti,Perempuan,1.93,2.05,2.14,2.27,82,74,40,2,Tidak,Ya
20230458599 - Gilang Purnama,Laki-laki,2.66,3.25,3.12,3.55,83,83,73,0,Tidak,Tidak
20230454462 - Arif Yusuf,Laki-laki,3.19,3.22,3.58,3.60,86,86,86,0,Tidak,Tidak
20220456092 - Aisyah Anggraini,Perempuan,3.54,3.49,3.74,3.67,95,95,100,0,Ya,Tidak
20220459407 - Arif Nugroho,Laki-laki,2.35,2.32,2.67,2.50,70,54,42,4,Tidak,Ya
20220457064 - Rahma Febrianti,Perempuan,3.40,3.21,3.52,3.52,92,92,92,0,Tidak,Tidak
20220451853 - Maya Ananda,Perempuan,3.12,3.12,2.73,2.69,80,77,66,1,Tidak,Ya
20230454930 - Yoga Rahman,Laki-laki,3.16,3.08,2.94,2.84,86,86,77,0,Tidak,Tidak
20220455428 - Budi Nugroho,Laki-laki,2.77,2.68,2.83,2.97,82,78,67,2,Tidak,Tidak
20230456635 - Indah Saputra,Perempuan,3.32,3.22,3.12,3.19,92,89,82,1,Tidak,Tidak
20230456292 - Nabila Anggraini,Perempuan,3.06,2.75,2.77,3.08,79,79,74,0,Tidak,Tidak
20230457741 - Bayu Febrianti,Laki-laki,2.93,3.11,3.08,3.54,88,88,71,0,Tidak,Tidak
20220453110 - Dimas Firmansyah,Laki-laki,2.71,2.86,3.00,3.06,74,74,70,0,Tidak,Tidak
20230453959 - Yuni Nugroho,Perempuan,3.46,3.80,3.41,4.00,96,96,86,0,Tidak,Ya
20220454994 - Ilham Maharani,Laki-laki,3.85,3.44,3.70,3.48,95,95,87,0,Tidak,Tidak
20230454415 - Aldi Febrianti,Laki-laki,3.52,3.39,3.72,3.91,96,96,95,0,Ya,Tidak
20220455823 - Dimas Kurniawan,Laki-laki,3.69,3.81,3.94,4.00,94,94,95,0,Tidak,Tidak
20230459362 - Yoga Ananda,Laki-laki,2.89,2.73,2.55,2.22,79,73,57,2,Tidak,Tidak
20220452246 - Alif Maulana,Laki-laki,2.75,2.98,2.92,3.54,83,83,79,0,Tidak,Ya
20220455527 - Dewi Firmansyah,Perempuan,3.01,3.42,2.86,3.05,90,90,92,0,Ya,Tidak
20220451148 - Rangga Hidayat,Laki-laki,2.67,2.77,2.92,3.12,80,77,70,1,Tidak,Ya
20230459922 - Agung Pratama,Laki-laki,2.76,2.70,3.15,2.70,78,72,62,2,Tidak,Tidak
20220458034 - Fajar Nugroho,Laki-laki,3.54,3.94,4.00,4.00,95,95,84,0,Ya,Tidak
20220454101 - Wahyu Salsabila,Laki-laki,3.12,3.21,3.32,3.61,87,87,86,0,Tidak,Tidak
20230455475 - Rian Rahman,Laki-laki,2.80,3.61,3.57,3.54,82,82,88,0,Tidak,Ya
20230459289 - Dimas Hidayat,Laki-laki,2.89,3.25,3.79,4.00,96,96,87,0,Tidak,Tidak
20220451619 - Doni Akbar,Laki-laki,3.06,2.96,3.04,2.96,87,83,71,1,Tidak,Tidak
20220458429 - Galih Firmansyah,Laki-laki,2.93,3.18,3.19,3.00,84,81,78,1,Tidak,Ya
20230453482 - Aisyah Ananda,Perempuan,2.39,2.53,2.58,2.39,71,65,48,3,Tidak,Tidak
20230456017 - Nadia Wijaya,Perempuan,2.89,2.69,2.62,3.03,88,84,69,1,Tidak,Ya
20220453250 - Fauzan Salsabila,Laki-laki,3.56,3.62,3.08,3.42,95,95,87,0,Tidak,Tidak
20230451724 - Rian Setiawan,Laki-laki,2.90,3.01,3.30,3.17,82,82,80,0,Tidak,Ya
20220454269 - Bayu Ramadhan,Laki-laki,2.89,3.03,2.94,2.92,80,68,56,3,Tidak,Tidak
20230454333 - Bagas Laksana,Laki-laki,3.23,2.73,2.46,2.87,80,74,70,2,Ya,Tidak
20220457492 - Dewi Saputra,Perempuan,2.97,3.05,3.19,3.05,86,86,71,0,Tidak,Tidak
20220456565 - Dewi Hidayat,Perempuan,2.14,2.27,2.63,2.60,82,76,57,2,Tidak,Ya
20220454808 - Rani Utami,Perempuan,2.79,3.23,2.74,2.73,76,76,76,0,Tidak,Ya
20220453773 - Dimas Putra,Laki-laki,3.93,3.44,3.74,3.74,92,92,87,0,Tidak,Tidak
20230452192 - Aisyah Syahputra,Perempuan,3.69,3.53,3.25,3.11,82,82,87,0,Ya,Ya
20230459156 - Salma Nugroho,Perempuan,3.32,3.39,3.55,3.35,92,92,86,0,Tidak,Tidak
20220452095 - Yuni Yusuf,Perempuan,3.54,3.53,3.53,3.23,89,89,92,0,Tidak,Tidak
20220456809 - Citra Yusuf,Perempuan,3.19,3.25,3.48,3.84,93,91,74,1,Tidak,Tidak
20220455683 - Nurul Anggraini,Perempuan,3.41,3.27,3.46,3.46,90,90,86,0,Tidak,Tidak
20220455126 - Agung Santoso,Laki-laki,3.13,3.31,3.14,3.10,85,81,79,1,Tidak,Tidak
20220451836 - Alif Saputra,Laki-laki,3.25,3.18,2.92,2.98,88,88,81,0,Tidak,Tidak
20220453806 - Tiara Pratama,Perempuan,3.06,3.26,2.89,2.85,89,89,76,0,Tidak,Ya
20230451324 - Iqbal Laksana,Laki-laki,2.71,2.61,2.86,2.85,79,75,68,1,Tidak,Ya
20220453249 - Rian Rahman,Laki-laki,2.20,2.36,2.54,2.26,82,79,63,1,Tidak,Tidak
20220457892 - Maya Akbar,Perempuan,2.83,2.79,2.72,2.78,82,74,64,2,Tidak,Tidak
20220453838 - Gilang Hidayat,Laki-laki,3.20,3.28,3.21,3.60,83,83,79,0,Tidak,Tidak
20220457798 - Melati Utami,Perempuan,2.63,2.86,3.02,3.39,82,82,73,0,Tidak,Ya
20220454655 - Nadia Salsabila,Perempuan,2.44,2.97,2.83,3.11,77,77,82,0,Tidak,Tidak
20230457715 - Naufal Sari,Laki-laki,3.71,3.86,4.00,4.00,88,88,98,0,Ya,Tidak
20220459685 - Doni Purnama,Laki-laki,3.24,3.35,3.01,3.03,89,89,80,0,Tidak,Tidak
20230451457 - Gilang Hidayat,Laki-laki,2.90,2.97,3.20,2.91,74,71,71,1,Tidak,Tidak
20230459789 - Ayu Firmansyah,Perempuan,3.01,3.45,3.51,3.39,82,78,79,1,Tidak,Tidak
20230454043 - Dimas Azizah,Laki-laki,2.76,2.65,2.91,2.63,76,73,67,1,Tidak,Ya
20230459712 - Dinda Santoso,Perempuan,3.16,3.34,3.89,3.67,93,93,91,0,Tidak,Ya
20230458905 - Dewi Cahya,Perempuan,3.03,3.27,3.28,3.11,85,82,78,1,Tidak,Ya
20230451180 - Aisyah Laksana,Perempuan,3.60,3.74,4.00,4.00,92,88,77,1,Tidak,Tidak
20220457213 - Yoga Hidayat,Laki-laki,2.99,3.43,3.12,3.16,87,87,78,0,Tidak,Tidak
20230455391 - Fajar Ramadhan,Laki-laki,3.73,3.54,3.90,3.79,89,89,87,0,Ya,Tidak
20220452152 - Yuni Salsabila,Perempuan,3.11,2.91,3.18,3.66,85,85,88,0,Tidak,Tidak
20230452090 - Yoga Saputra,Laki-laki,3.41,3.25,3.20,3.53,88,88,82,0,Tidak,Tidak
20230453857 - Doni Aprilia,Laki-laki,3.27,3.38,3.46,3.84,88,88,83,0,Tidak,Tidak
20230456971 - Nabila Utami,Perempuan,2.81,3.09,3.55,3.75,90,90,85,0,Tidak,Tidak
20220454966 - Rangga Yusuf,Laki-laki,2.70,2.86,3.54,3.10,92,92,82,0,Tidak,Tidak
20220451497 - Indah Utami,Perempuan,3.28,3.43,3.57,3.61,94,94,74,0,Tidak,Ya
20220456684 - Reza Kurniawan,Laki-laki,2.38,2.93,2.89,2.82,79,67,52,3,Tidak,Ya
20230458174 - Aisyah Saputra,Perempuan,2.45,2.55,2.49,2.51,82,79,58,1,Tidak,Tidak
20230454957 - Nisa Fadillah,Perempuan,3.10,3.21,3.37,3.49,85,85,80,0,Tidak,Tidak
20230452124 - Citra Firmansyah,Perempuan,2.98,3.12,2.81,2.81,84,80,59,1,Tidak,Ya
20220454992 - Rahma Ramadhan,Perempuan,2.62,2.55,2.88,3.06,88,82,61,2,Tidak,Tidak
20230457879 - Intan Setiawan,Perempuan,2.80,2.77,2.39,2.44,87,83,61,2,Tidak,Ya
20230459582 - Rahma Aprilia,Perempuan,2.94,3.19,3.17,3.21,91,91,82,0,Tidak,Tidak
20230451200 - Arif Azizah,Laki-laki,2.92,2.52,2.70,3.27,81,72,59,3,Tidak,Tidak
20220459958 - Salma Cahya,Perempuan,2.74,3.03,3.01,3.25,90,90,80,0,Tidak,Tidak
20230458259 - Kevin Utami,Laki-laki,3.21,3.15,3.37,3.69,83,83,85,0,Tidak,Tidak
20220456268 - Maya Syahputra,Perempuan,2.91,3.52,3.25,3.20,87,87,79,0,Tidak,Tidak
20220453476 - Rangga Febrianti,Laki-laki,4.00,4.00,4.00,4.00,92,92,88,0,Tidak,Tidak
20220452324 - Iqbal Ramadhan,Laki-laki,2.76,2.97,2.73,3.24,76,76,79,0,Tidak,Tidak
20230458906 - Vina Cahya,Perempuan,3.28,3.14,3.12,3.06,91,91,75,0,Tidak,Tidak
20220457102 - Fajar Nugroho,Laki-laki,3.03,3.09,3.18,3.32,92,84,75,2,Tidak,Tidak
20230458754 - Ahmad Rahman,Laki-laki,3.89,3.63,3.82,4.00,96,93,82,1,Ya,Ya
20220455313 - Iqbal Purnama,Laki-laki,2.94,3.21,2.78,3.13,84,84,80,0,Ya,Tidak
20220452211 - Hafiz Rahman,Laki-laki,3.52,3.46,3.00,3.31,88,88,75,0,Tidak,Tidak
20230453458 - Rahma Kurniawan,Perempuan,3.83,3.96,3.73,4.00,91,91,93,0,Ya,Tidak
20230454594 - Agung Saputra,Laki-laki,2.57,2.78,3.32,3.27,85,79,58,3,Tidak,Tidak
20230453241 - Tiara Utami,Perempuan,3.36,2.91,2.97,3.25,90,90,87,0,Tidak,Tidak
20220453279 - Aulia Pratama,Perempuan,2.31,2.47,2.82,2.40,81,72,48,3,Tidak,Ya
20220453233 - Rangga Santoso,Laki-laki,3.02,3.05,3.36,3.37,84,84,78,0,Tidak,Tidak
20230453532 - Salma Putra,Perempuan,3.47,3.21,3.25,3.27,89,89,77,0,Tidak,Tidak
20230453714 - Farhan Cahya,Laki-laki,3.28,3.27,3.17,3.18,85,82,72,1,Tidak,Tidak
20220458840 - Bagas Rahman,Laki-laki,2.99,2.43,2.79,2.50,87,87,79,0,Tidak,Tidak
20230454763 - Indah Setiawan,Perempuan,3.31,3.05,3.66,3.79,95,95,89,0,Ya,Ya
20220456646 - Salma Febrianti,Perempuan,3.04,3.51,3.56,3.49,90,88,67,1,Tidak,Ya
20230452687 - Citra Sari,Perempuan,3.62,3.61,3.67,3.73,88,88,91,0,Ya,Tidak
20230455556 - Farhan Sari,Laki-laki,3.00,2.81,2.67,2.62,78,76,72,1,Tidak,Tidak
20230451487 - Ayu Santoso,Perempuan,3.25,3.55,3.46,3.52,93,93,76,0,Tidak,Tidak
20230455717 - Hafiz Maharani,Laki-laki,2.94,2.97,3.05,2.90,84,84,82,0,Tidak,Tidak
20230457455 - Tasya Rahman,Perempuan,3.09,3.59,3.46,3.19,90,82,65,2,Tidak,Tidak
20230455361 - Wahyu Santoso,Laki-laki,2.40,2.13,2.31,2.19,75,66,38,3,Tidak,Tidak
20220457679 - Fitri Wijaya,Perempuan,3.31,3.23,3.58,3.26,82,82,85,0,Tidak,Tidak
20230452938 - Zahra Pratama,Perempuan,2.59,2.43,2.85,2.63,78,69,48,3,Tidak,Ya
20230451249 - Lestari Permata,Perempuan,2.34,2.42,2.09,2.52,74,71,59,1,Tidak,Ya
20230456903 - Fira Rahman,Perempuan,3.24,3.51,3.23,3.50,84,84,85,0,Tidak,Tidak
20220453150 - Farhan Maulana,Laki-laki,2.90,3.01,3.04,3.34,91,88,70,1,Tidak,Ya
20230453349 - Galih Hidayat,Laki-laki,3.15,3.36,3.25,3.00,90,90,85,0,Tidak,Tidak
20220452562 - Kevin Fadillah,Laki-laki,3.23,2.98,2.82,2.80,87,83,59,2,Tidak,Tidak
20220458155 - Andi Laksana,Laki-laki,3.12,3.07,3.15,3.57,83,81,62,1,Tidak,Tidak
20220452837 - Fajar Ramadhan,Laki-laki,2.78,3.06,3.14,3.69,91,89,75,1,Tidak,Ya
20230453566 - Fajar Maulana,Laki-laki,2.77,3.01,3.13,2.87,86,86,82,0,Tidak,Tidak
20220457796 - Bagas Ramadhan,Laki-laki,3.70,3.74,3.50,3.39,96,96,85,0,Tidak,Tidak
20220458476 - Nurul Sari,Perempuan,3.24,3.33,2.83,3.24,87,87,81,0,Tidak,Ya
20230457807 - Rahma Syahputra,Perempuan,2.35,2.16,2.30,2.28,78,67,38,3,Tidak,Ya
20230456605 - Wulan Maulana,Perempuan,3.06,3.39,3.04,3.85,85,85,85,0,Tidak,Ya
20230458322 - Ayu Setiawan,Perempuan,2.78,2.94,2.97,2.91,85,85,71,0,Tidak,Tidak
20230457450 - Tasya Sari,Perempuan,2.71,2.96,3.00,3.14,85,83,74,1,Tidak,Ya
20220459730 - Yuni Maulana,Perempuan,2.13,2.29,2.03,2.39,70,54,38,4,Tidak,Tidak
20220458433 - Naufal Utami,Laki-laki,2.46,3.18,3.30,3.34,85,85,77,0,Tidak,Ya
20220458251 - Rizky Utami,Laki-laki,2.41,2.68,2.88,2.88,86,82,66,1,Tidak,Tidak
20220451165 - Dewi Fadillah,Perempuan,3.33,3.10,2.83,2.50,87,87,82,0,Tidak,Tidak
20220456203 - Tiara Nugroho,Perempuan,3.14,3.10,2.83,3.24,82,82,88,0,Tidak,Tidak
20230453385 - Nisa Fadillah,Perempuan,3.45,3.91,3.67,4.00,94,94,92,0,Tidak,Tidak
20230459504 - Fajar Febrianti,Laki-laki,3.00,3.39,3.34,3.22,83,83,83,0,Tidak,Tidak
20230458965 - Wulan Yusuf,Perempuan,2.75,2.70,3.01,3.04,76,73,76,1,Tidak,Tidak
20220458757 - Rafi Laksana,Laki-laki,3.15,3.28,2.95,3.12,90,90,79,0,Tidak,Tidak
20230451282 - Tiara Salsabila,Perempuan,3.61,3.75,3.48,3.41,94,94,82,0,Tidak,Tidak
20220456519 - Tiara Maharani,Perempuan,3.03,2.88,2.15,2.23,82,82,70,0,Tidak,Tidak
20220456399 - Zahra Putra,Perempuan,3.12,3.39,3.31,3.75,92,84,62,2,Tidak,Tidak
20220453507 - Wulan Permata,Perempuan,2.81,3.35,3.29,3.29,86,86,81,0,Tidak,Tidak
20220454097 - Aisyah Kurniawan,Perempuan,3.83,3.65,3.60,3.58,91,91,91,0,Tidak,Tidak
20220455473 - Fitri Wijaya,Perempuan,3.06,2.90,2.71,2.98,76,70,66,3,Tidak,Tidak
20220451431 - Rani Kurniawan,Perempuan,3.29,3.62,3.41,3.87,96,93,79,1,Ya,Tidak
20220458128 - Aldi Sari,Laki-laki,3.19,3.42,3.34,3.51,90,84,71,2,Tidak,Ya
20230451051 - Fitri Utami,Perempuan,2.68,2.56,2.93,2.95,81,81,81,0,Tidak,Tidak
20220455981 - Tasya Wijaya,Perempuan,2.45,2.53,3.03,3.25,83,79,61,2,Tidak,Tidak
20230457549 - Alif Santoso,Laki-laki,3.38,2.77,2.68,2.71,76,68,53,2,Tidak,Tidak
20230459471 - Rizky Febrianti,Laki-laki,3.19,3.45,3.05,3.31,84,84,83,0,Tidak,Tidak
20230454803 - Siti Maulana,Perempuan,3.45,3.08,3.15,2.99,85,85,83,0,Ya,Tidak
20220456943 - Rafi Wijaya,Laki-laki,3.53,3.45,3.50,3.50,94,94,74,0,Tidak,Ya
20220451118 - Aldi Azizah,Laki-laki,2.81,2.85,2.42,2.51,88,84,65,2,Tidak,Tidak
20230457887 - Doni Akbar,Laki-laki,2.97,2.81,2.85,2.45,84,80,58,2,Tidak,Ya
20220453366 - Kevin Febrianti,Laki-laki,2.32,2.71,3.02,3.34,80,78,71,1,Ya,Ya
20220459999 - Salma Pratama,Perempuan,3.18,2.83,3.12,3.26,91,91,85,0,Ya,Ya
20220459595 - Indah Ananda,Perempuan,3.66,3.51,3.92,3.95,90,90,94,0,Tidak,Tidak
20230451842 - Reza Ramadhan,Laki-laki,1.61,1.98,2.29,2.34,78,62,35,4,Tidak,Ya
20230459548 - Rian Rahman,Laki-laki,3.18,2.80,2.98,2.66,83,83,78,0,Tidak,Tidak
20220452405 - Rafi Ananda,Laki-laki,3.71,3.46,3.57,3.12,96,96,89,0,Tidak,Tidak
20230457831 - Joko Sari,Laki-laki,2.84,3.32,3.71,3.26,87,87,78,0,Tidak,Ya
20230459451 - Dewi Febrianti,Perempuan,3.22,3.09,3.40,3.05,85,85,66,0,Tidak,Tidak
20220453021 - Agung Santoso,Laki-laki,2.77,2.63,2.36,2.45,85,81,65,1,Tidak,Tidak
20220453812 - Wahyu Purnama,Laki-laki,3.65,3.85,3.31,3.63,89,89,85,0,Ya,Tidak
20230452237 - Melati Anggraini,Perempuan,3.27,3.51,3.40,3.23,88,88,86,0,Tidak,Tidak
20220457110 - Riska Aprilia,Perempuan,2.91,3.05,2.57,2.71,87,87,67,0,Tidak,Ya
20230459019 - Yoga Ramadhan,Laki-laki,2.41,2.75,2.35,2.17,78,63,36,5,Tidak,Ya
20230453749 - Fauzan Aprilia,Laki-laki,3.85,3.59,3.77,3.78,94,94,85,0,Tidak,Tidak
20230452946 - Salma Maulana,Perempuan,3.82,3.94,3.83,3.82,96,96,88,0,Ya,Tidak
20220453971 - Tasya Cahya,Perempuan,2.96,3.18,3.40,3.63,86,86,86,0,Tidak,Tidak
20230458570 - Nabila Hidayat,Perempuan,2.63,2.80,3.08,2.74,75,72,69,1,Tidak,Tidak
20230451831 - Joko Fadillah,Laki-laki,3.60,3.47,3.88,3.62,96,96,80,0,Tidak,Tidak
20230452750 - Anisa Hidayat,Perempuan,3.11,3.20,3.21,3.76,92,92,85,0,Tidak,Tidak
20220454765 - Yuni Azizah,Perempuan,3.89,3.67,3.49,3.84,95,95,92,0,Ya,Tidak
20220453357 - Riska Pratama,Perempuan,3.31,3.46,3.46,3.40,92,88,74,1,Tidak,Ya
20230454644 - Nisa Laksana,Perempuan,2.91,2.85,2.98,2.47,84,80,56,2,Tidak,Ya
20230451549 - Yuni Ramadhan,Perempuan,3.09,2.58,2.72,2.20,88,88,81,0,Tidak,Tidak
20220453490 - Nurul Pratama,Perempuan,3.07,3.23,3.18,3.13,83,83,76,0,Tidak,Ya
20230454382 - Bayu Setiawan,Laki-laki,2.39,2.66,2.77,2.82,74,74,70,0,Tidak,Tidak
20230454847 - Nabila Utami,Perempuan,2.73,2.73,3.01,2.87,82,78,69,1,Tidak,Ya
20230452179 - Aulia Laksana,Perempuan,2.79,3.33,3.42,3.63,87,87,73,0,Tidak,Ya
20230454128 - Wulan Nugroho,Perempuan,2.84,2.57,2.61,2.61,85,82,66,1,Tidak,Tidak
20220458133 - Galih Aprilia,Laki-laki,4.00,3.86,4.00,4.00,94,94,94,0,Tidak,Tidak
20220459215 - Nadia Kurniawan,Perempuan,3.14,3.07,2.84,2.82,85,76,68,3,Tidak,Tidak
20220456892 - Galih Setiawan,Laki-laki,3.10,3.22,3.45,3.35,83,83,83,0,Tidak,Tidak
20220453611 - Tiara Maulana,Perempuan,3.14,3.54,3.46,3.49,90,87,72,1,Tidak,Ya
20230455800 - Fitri Permata,Perempuan,2.31,2.47,2.37,2.34,74,71,55,1,Tidak,Ya
20220457172 - Siti Saputra,Perempuan,2.97,2.65,2.93,3.02,87,83,69,1,Tidak,Tidak
20220458355 - Tasya Rahman,Perempuan,2.71,2.78,3.21,2.92,79,75,66,1,Tidak,Ya
20230457484 - Melati Sari,Perempuan,3.33,3.57,3.24,3.36,91,91,80,0,Tidak,Ya
20230454251 - Iqbal Febrianti,Laki-laki,3.20,3.07,3.30,3.20,86,86,92,0,Ya,Tidak
20220452657 - Tiara Yusuf,Perempuan,3.74,4.00,3.84,3.65,96,96,91,0,Tidak,Ya
20220454674 - Nurul Santoso,Perempuan,3.70,3.48,3.39,3.19,89,89,80,0,Tidak,Ya
20220453696 - Rahma Fadillah,Perempuan,3.14,3.12,3.03,3.35,92,92,83,0,Tidak,Tidak
20230455163 - Fajar Fadillah,Laki-laki,2.49,2.41,2.36,2.97,79,67,51,3,Ya,Tidak
20230454325 - Aulia Ananda,Perempuan,3.29,3.54,3.25,3.27,89,89,89,0,Tidak,Ya
20220457028 - Tiara Pratama,Perempuan,2.65,2.45,2.72,3.00,81,77,60,2,Tidak,Tidak
20230452634 - Rafi Salsabila,Laki-laki,2.99,3.55,3.33,3.80,93,93,92,0,Tidak,Tidak
20220452734 - Doni Laksana,Laki-laki,2.88,2.82,2.65,2.80,88,85,80,1,Tidak,Tidak
20230454142 - Hafiz Sari,Laki-laki,2.98,2.83,2.24,2.47,75,75,68,0,Tidak,Tidak
20230453465 - Arif Azizah,Laki-laki,2.78,2.70,2.69,2.86,77,71,56,2,Tidak,Tidak
20230457489 - Rani Santoso,Perempuan,2.88,2.73,3.07,2.89,77,77,82,0,Ya,Tidak
20230458090 - Tasya Setiawan,Perempuan,3.29,3.32,3.60,3.46,94,94,84,0,Tidak,Tidak
20230454166 - Nabila Ramadhan,Perempuan,3.16,3.18,3.59,3.52,89,81,75,2,Tidak,Tidak
20230452035 - Bagas Putra,Laki-laki,3.03,3.00,3.11,2.36,83,83,80,0,Tidak,Ya
20220459886 - Rangga Saputra,Laki-laki,2.56,2.61,2.41,2.11,70,62,52,4,Tidak,Ya
20220456479 - Rian Setiawan,Laki-laki,3.01,2.95,2.88,2.92,74,71,58,1,Tidak,Ya
20220452855 - Aldi Syahputra,Laki-laki,3.09,3.19,3.42,3.47,87,87,82,0,Tidak,Tidak
20220458229 - Alif Sari,Laki-laki,2.20,2.21,2.24,2.25,81,69,48,3,Tidak,Tidak
20230456428 - Gilang Firmansyah,Laki-laki,2.86,2.86,2.86,2.98,75,72,65,1,Tidak,Ya
20230452482 - Nico Ramadhan,Laki-laki,2.63,2.80,2.76,2.73,79,79,78,0,Tidak,Tidak
20230454130 - Rani Permata,Perempuan,3.94,3.89,4.00,4.00,89,89,96,0,Tidak,Ya
20230458973 - Anisa Laksana,Perempuan,2.96,2.82,2.82,2.92,81,81,77,0,Tidak,Tidak
20230451371 - Aldi Putra,Laki-laki,3.04,3.19,3.16,3.26,84,84,83,0,Tidak,Tidak
20220454168 - Dimas Maharani,Laki-laki,2.86,3.09,3.43,3.73,88,88,84,0,Ya,Tidak
20230452491 - Dimas Santoso,Laki-laki,2.97,2.74,3.00,2.88,88,85,62,1,Tidak,Tidak
20220453726 - Lestari Akbar,Perempuan,2.77,3.19,3.37,3.23,86,86,77,0,Tidak,Ya
20230458167 - Bayu Laksana,Laki-laki,2.94,2.98,3.06,2.89,81,81,71,0,Tidak,Ya
20220452135 - Yoga Laksana,Laki-laki,2.28,2.22,2.65,2.69,75,67,47,4,Tidak,Ya
20220456627 - Citra Putra,Perempuan,2.39,2.09,2.14,2.24,69,60,46,3,Tidak,Tidak
20220458228 - Fitri Putra,Perempuan,3.67,3.77,3.42,3.21,89,89,82,0,Tidak,Ya
20220455935 - Ayu Saputra,Perempuan,3.39,3.45,3.38,3.24,85,85,86,0,Tidak,Tidak
20220459859 - Dinda Saputra,Perempuan,2.69,2.62,3.22,2.77,84,76,60,2,Tidak,Ya
20230452822 - Alif Laksana,Laki-laki,2.39,2.93,2.88,2.37,86,86,70,0,Ya,Tidak
20230452674 - Aldi Hidayat,Laki-laki,2.43,2.88,2.98,2.76,87,81,54,2,Tidak,Ya
20220458859 - Alif Pratama,Laki-laki,3.41,3.67,3.75,3.34,88,88,87,0,Ya,Ya
20230457697 - Reza Syahputra,Laki-laki,2.74,2.69,2.82,2.38,85,82,63,1,Tidak,Tidak
20220454679 - Melati Purnama,Perempuan,3.19,3.31,3.40,3.26,83,83,75,0,Tidak,Ya
20230452030 - Agung Maulana,Laki-laki,3.48,3.69,4.00,4.00,90,90,91,0,Tidak,Ya
20230451022 - Yoga Febrianti,Laki-laki,2.77,2.82,2.95,3.18,80,77,62,1,Tidak,Tidak
20230456381 - Riska Utami,Perempuan,3.21,3.49,3.21,3.37,89,86,82,1,Tidak,Tidak
20220457612 - Nurul Santoso,Perempuan,3.14,2.67,2.83,2.97,87,83,71,1,Tidak,Ya
20230453096 - Farhan Febrianti,Laki-laki,2.59,2.63,2.48,2.70,80,78,77,1,Tidak,Ya
20220452074 - Tiara Nugroho,Perempuan,3.01,3.04,2.97,3.27,91,89,72,1,Tidak,Tidak
20230456568 - Farhan Putra,Laki-laki,3.27,3.49,3.13,2.77,87,87,85,0,Tidak,Tidak
20230457260 - Melati Fadillah,Perempuan,2.98,2.84,2.86,2.89,82,73,62,3,Tidak,Tidak
20230458730 - Fajar Rahman,Laki-laki,3.29,3.64,3.47,3.77,94,94,82,0,Tidak,Tidak
20220454447 - Rahma Akbar,Perempuan,3.27,3.00,3.17,2.99,85,82,70,1,Tidak,Ya
20230456594 - Intan Maulana,Perempuan,3.18,3.09,3.05,3.46,85,85,92,0,Ya,Tidak
20220458647 - Riska Fadillah,Perempuan,3.59,3.32,3.86,3.89,91,91,93,0,Ya,Tidak
20220459344 - Reza Akbar,Laki-laki,1.97,2.30,2.87,2.14,80,74,69,2,Tidak,Tidak
20230457438 - Rian Ananda,Laki-laki,2.33,2.89,3.08,3.05,81,81,82,0,Tidak,Tidak
20220456029 - Agung Firmansyah,Laki-laki,3.69,3.62,3.45,3.55,92,92,76,0,Tidak,Tidak
20220456332 - Fira Fadillah,Perempuan,2.57,2.87,2.87,2.97,81,81,65,0,Tidak,Tidak
20220459871 - Wahyu Fadillah,Laki-laki,3.62,3.30,3.61,3.77,89,89,92,0,Tidak,Tidak
20230458822 - Kevin Ramadhan,Laki-laki,2.68,2.74,2.93,3.18,81,75,61,2,Tidak,Tidak
20220452082 - Rizky Yusuf,Laki-laki,3.68,3.61,3.81,3.56,89,89,84,0,Ya,Tidak
20230451558 - Anisa Santoso,Perempuan,2.66,2.67,2.91,2.90,82,79,74,1,Ya,Tidak
20230454793 - Nadia Kurniawan,Perempuan,2.61,3.17,3.17,3.27,91,91,75,0,Tidak,Tidak
20230451483 - Nico Ramadhan,Laki-laki,4.00,3.97,3.81,3.92,90,90,97,0,Tidak,Tidak
20230451870 - Iqbal Santoso,Laki-laki,2.75,3.46,3.02,3.07,85,85,89,0,Ya,Ya
20230457184 - Salma Syahputra,Perempuan,2.32,2.61,2.44,3.18,77,71,48,2,Tidak,Tidak
20230453529 - Wahyu Maharani,Laki-laki,3.20,3.24,3.29,3.31,91,91,82,0,Tidak,Ya
20220453047 - Rafi Ramadhan,Laki-laki,3.63,3.29,3.39,3.46,92,89,77,1,Tidak,Tidak
20220458139 - Alif Wijaya,Laki-laki,2.50,2.56,2.67,2.44,83,80,72,1,Tidak,Tidak
20230458785 - Nurul Purnama,Perempuan,3.09,3.24,3.19,3.37,87,85,62,1,Tidak,Tidak
20230453574 - Melati Yusuf,Perempuan,2.94,3.32,3.17,3.42,85,85,80,0,Tidak,Ya
20230454499 - Naufal Febrianti,Laki-laki,3.30,3.56,3.43,3.22,88,88,86,0,Tidak,Tidak
20230459942 - Doni Fadillah,Laki-laki,2.76,3.02,3.20,3.36,91,91,89,0,Tidak,Tidak
20220458839 - Aisyah Permata,Perempuan,3.40,3.35,3.51,3.51,94,94,92,0,Tidak,Tidak
20230458889 - Putri Wijaya,Perempuan,2.99,2.70,2.41,2.69,82,76,70,2,Tidak,Tidak
20220455806 - Fitri Ananda,Perempuan,3.57,3.62,3.84,3.86,90,90,100,0,Tidak,Tidak
20230459429 - Dewi Yusuf,Perempuan,3.21,3.31,2.67,3.11,86,86,77,0,Tidak,Tidak
20230453582 - Maya Saputra,Perempuan,2.99,3.13,3.19,3.38,91,91,78,0,Tidak,Ya
20220453469 - Alif Nugroho,Laki-laki,2.89,2.75,2.63,2.53,86,83,64,1,Tidak,Tidak
20230451578 - Andi Setiawan,Laki-laki,2.36,3.15,2.85,2.75,80,77,74,1,Tidak,Tidak
20220451147 - Budi Anggraini,Laki-laki,2.81,2.97,2.49,2.35,85,76,54,3,Tidak,Tidak
20230454524 - Maya Laksana,Perempuan,2.91,2.89,2.70,2.95,78,78,82,0,Tidak,Tidak
20230451158 - Ilham Hidayat,Laki-laki,2.37,3.07,2.68,3.61,81,73,63,2,Tidak,Ya
20220454302 - Fitri Maharani,Perempuan,2.31,2.47,2.45,2.84,83,80,69,1,Tidak,Tidak
20230453682 - Fajar Setiawan,Laki-laki,2.87,2.65,2.98,2.85,81,81,82,0,Tidak,Tidak
20220453809 - Naufal Maharani,Laki-laki,2.82,2.74,2.83,2.49,86,78,51,2,Tidak,Tidak
20220452877 - Bagas Salsabila,Laki-laki,2.87,2.98,3.32,2.98,83,83,75,0,Tidak,Tidak
20220451096 - Wulan Permata,Perempuan,3.78,3.83,3.88,3.64,95,95,96,0,Tidak,Tidak
20230452805 - Gilang Rahman,Laki-laki,2.41,2.72,2.68,2.88,87,87,81,0,Tidak,Ya
20230452863 - Anisa Anggraini,Perempuan,3.70,4.00,4.00,4.00,88,88,97,0,Ya,Tidak
20220455012 - Doni Pratama,Laki-laki,4.00,4.00,3.55,3.78,89,89,90,0,Ya,Tidak
20230455487 - Putri Ramadhan,Perempuan,3.24,2.75,2.94,2.78,74,74,69,0,Tidak,Ya
20230453562 - Citra Ramadhan,Perempuan,4.00,3.83,4.00,4.00,95,95,97,0,Ya,Tidak
20230452709 - Hafiz Laksana,Laki-laki,1.93,1.99,2.13,1.99,80,72,37,4,Tidak,Ya
20230451366 - Melati Santoso,Perempuan,3.32,3.24,3.58,3.47,95,95,84,0,Tidak,Tidak
20230457157 - Nadia Ramadhan,Perempuan,1.89,1.99,2.13,1.96,69,63,51,2,Tidak,Tidak
20230456043 - Dimas Azizah,Laki-laki,3.00,3.06,2.83,3.06,81,77,70,1,Tidak,Tidak
20230456052 - Aulia Utami,Perempuan,4.00,4.00,4.00,4.00,88,88,84,0,Tidak,Tidak
20220451955 - Riska Saputra,Perempuan,3.19,3.26,3.36,3.48,82,82,91,0,Tidak,Tidak
20220455041 - Bayu Ramadhan,Laki-laki,3.85,3.92,3.71,4.00,94,94,97,0,Tidak,Tidak
20220454675 - Nurul Ramadhan,Perempuan,3.41,3.32,3.37,3.57,90,90,87,0,Tidak,Tidak
20230459016 - Hafiz Firmansyah,Laki-laki,2.91,3.33,3.52,3.25,90,90,76,0,Tidak,Tidak
20230457195 - Salma Saputra,Perempuan,2.91,2.67,3.12,3.05,82,82,82,0,Tidak,Tidak
20230455681 - Naufal Saputra,Laki-laki,3.25,2.89,2.98,2.95,88,88,67,0,Tidak,Ya
20230456719 - Fitri Azizah,Perempuan,3.74,3.50,3.35,3.09,89,89,87,0,Ya,Tidak
20220458693 - Budi Permata,Laki-laki,3.24,3.40,3.66,3.73,90,90,92,0,Tidak,Tidak
20230454505 - Bagas Saputra,Laki-laki,3.02,2.82,3.12,3.16,84,80,70,1,Tidak,Tidak
20230453256 - Anisa Akbar,Perempuan,3.30,3.25,3.11,3.12,84,84,86,0,Tidak,Tidak
20230452745 - Lestari Purnama,Perempuan,2.48,2.49,1.97,2.10,68,59,56,3,Tidak,Tidak
20230456005 - Intan Sari,Perempuan,3.42,3.70,3.05,3.26,89,89,88,0,Tidak,Tidak
20230454509 - Citra Santoso,Perempuan,3.63,3.55,3.30,3.49,94,94,75,0,Tidak,Tidak
20230453924 - Nico Akbar,Laki-laki,2.65,2.54,2.67,2.88,86,83,73,1,Tidak,Tidak
20220452410 - Andi Aprilia,Laki-laki,3.72,3.53,3.83,3.61,92,92,81,0,Tidak,Tidak
20230456583 - Agung Maulana,Laki-laki,2.89,2.69,2.16,2.58,84,76,57,2,Tidak,Tidak
20230453111 - Putri Wijaya,Perempuan,2.99,3.12,2.92,3.26,91,88,77,1,Tidak,Ya
20230451195 - Melati Syahputra,Perempuan,2.64,2.53,3.28,3.37,82,82,82,0,Tidak,Tidak
20220455917 - Nurul Aprilia,Perempuan,3.29,3.07,2.76,3.23,88,88,92,0,Tidak,Ya
20220453956 - Tiara Laksana,Perempuan,3.38,3.19,3.33,3.38,90,86,70,1,Tidak,Tidak
20230454321 - Dinda Syahputra,Perempuan,2.61,1.75,1.50,1.60,68,62,50,2,Tidak,Ya
20220452299 - Galih Azizah,Laki-laki,2.35,2.73,3.02,2.94,87,83,61,1,Tidak,Tidak
20220456198 - Nisa Anggraini,Perempuan,3.40,3.44,3.24,3.55,89,87,76,1,Tidak,Ya
20220451232 - Doni Ramadhan,Laki-laki,3.16,3.39,3.02,3.03,92,92,86,0,Tidak,Tidak
20230454610 - Aulia Anggraini,Perempuan,3.54,3.45,4.00,4.00,96,96,83,0,Ya,Ya
20230454537 - Intan Yusuf,Perempuan,3.77,3.68,3.37,3.66,92,92,84,0,Ya,Tidak
20230456250 - Reza Cahya,Laki-laki,3.03,3.29,3.42,3.12,87,87,77,0,Ya,Tidak
20230455220 - Siti Nugroho,Perempuan,2.83,2.69,2.78,2.78,77,77,71,0,Tidak,Tidak
20230456330 - Iqbal Nugroho,Laki-laki,3.45,3.28,3.41,3.02,89,89,87,0,Tidak,Tidak
20220452046 - Yuni Permata,Perempuan,3.04,2.83,2.35,2.12,83,83,82,0,Tidak,Tidak
20230455321 - Galih Setiawan,Laki-laki,3.22,3.12,2.71,2.42,84,75,56,3,Tidak,Tidak
20230453233 - Ahmad Aprilia,Laki-laki,3.15,3.48,3.75,3.61,96,96,84,0,Tidak,Tidak
20230456242 - Citra Setiawan,Perempuan,2.25,2.23,2.62,3.05,85,82,74,1,Tidak,Ya
20230457462 - Rizky Aprilia,Laki-laki,3.31,3.44,3.68,3.74,93,93,92,0,Tidak,Tidak
20220454529 - Salma Azizah,Perempuan,3.23,2.89,2.79,2.47,85,82,67,1,Tidak,Tidak
20220454870 - Putri Sari,Perempuan,3.02,3.04,3.01,3.02,87,87,81,0,Tidak,Tidak
20220455716 - Dinda Maharani,Perempuan,3.14,3.11,3.29,3.48,86,82,77,2,Tidak,Tidak
20230453707 - Melati Setiawan,Perempuan,2.64,2.74,2.85,2.95,74,70,58,1,Tidak,Ya
20220451297 - Rahma Cahya,Perempuan,2.59,2.85,2.57,3.04,76,76,78,0,Tidak,Ya
20230459923 - Galih Nugroho,Laki-laki,3.49,3.54,3.58,3.27,90,90,87,0,Tidak,Ya
20230455176 - Iqbal Azizah,Laki-laki,2.71,2.98,3.04,3.19,84,84,82,0,Tidak,Ya
20230458624 - Nico Cahya,Laki-laki,2.76,3.02,3.22,3.39,87,87,76,0,Ya,Ya
20220458741 - Intan Pratama,Perempuan,2.77,2.90,3.19,3.49,87,87,71,0,Tidak,Tidak
20220455857 - Budi Pratama,Laki-laki,3.05,3.23,2.90,3.28,85,85,73,0,Tidak,Tidak
20220456942 - Gilang Maharani,Laki-laki,3.09,3.43,3.38,3.52,89,86,73,1,Ya,Tidak
20220456821 - Nurul Kurniawan,Perempuan,3.45,3.15,3.22,3.01,88,88,83,0,Ya,Ya
20220456027 - Tasya Kurniawan,Perempuan,2.88,2.83,3.16,2.59,78,78,74,0,Tidak,Tidak
20220456842 - Nadia Syahputra,Perempuan,2.68,2.88,3.17,3.12,83,83,78,0,Tidak,Tidak
20230453590 - Naufal Wijaya,Laki-laki,3.26,3.54,3.60,3.48,95,95,81,0,Tidak,Tidak
20220455438 - Yuni Wijaya,Perempuan,2.58,2.68,2.83,3.14,76,72,62,1,Ya,Ya
20220457256 - Nisa Cahya,Perempuan,2.58,2.83,2.80,2.42,77,75,64,1,Tidak,Tidak
20220454989 - Iqbal Febrianti,Laki-laki,2.66,2.62,3.16,3.14,77,73,71,2,Tidak,Tidak
20230456599 - Fitri Aprilia,Perempuan,1.77,2.09,2.05,2.07,72,57,30,5,Tidak,Tidak
20220453156 - Nurul Wijaya,Perempuan,2.93,3.45,3.68,4.00,91,88,72,1,Tidak,Tidak
20230457768 - Fitri Setiawan,Perempuan,2.83,2.71,2.75,3.10,85,77,57,2,Tidak,Tidak
20230452329 - Ayu Firmansyah,Perempuan,2.80,3.33,3.25,2.93,91,89,74,1,Tidak,Tidak
20230454244 - Andi Purnama,Laki-laki,2.59,2.79,2.60,2.72,81,78,70,1,Tidak,Ya
20230456186 - Tasya Firmansyah,Perempuan,2.44,2.92,3.07,3.15,75,73,77,1,Tidak,Tidak
20230454414 - Citra Pratama,Perempuan,3.49,3.34,3.50,3.36,93,93,92,0,Tidak,Tidak
20230454575 - Fitri Maulana,Perempuan,3.35,3.23,3.47,3.20,84,84,83,0,Tidak,Tidak
20230459593 - Fira Fadillah,Perempuan,3.14,3.33,3.32,3.37,87,87,74,0,Tidak,Tidak
20230452612 - Ayu Hidayat,Perempuan,3.13,2.90,2.68,2.81,76,72,82,1,Ya,Tidak
20230454876 - Fajar Akbar,Laki-laki,2.85,3.57,3.26,3.65,90,90,84,0,Tidak,Tidak
20220455995 - Zahra Cahya,Perempuan,2.55,2.37,2.69,2.93,76,76,82,0,Tidak,Tidak
20220459317 - Dinda Wijaya,Perempuan,2.16,1.92,2.69,2.63,81,72,50,3,Tidak,Ya
20220454692 - Fajar Hidayat,Laki-laki,2.35,2.29,3.15,2.82,79,73,51,2,Tidak,Tidak
20220456068 - Nabila Saputra,Perempuan,3.20,3.29,3.35,3.51,89,89,78,0,Tidak,Ya
20230455889 - Fira Febrianti,Perempuan,3.17,3.01,3.06,3.03,83,79,71,1,Tidak,Tidak
20230455794 - Agung Hidayat,Laki-laki,3.31,3.59,3.69,4.00,95,95,86,0,Tidak,Tidak
20230454226 - Nurul Febrianti,Perempuan,3.25,3.49,2.82,2.93,87,87,85,0,Tidak,Tidak
20220451226 - Putri Maharani,Perempuan,2.46,2.92,2.71,2.78,76,76,82,0,Tidak,Tidak
20230452004 - Rian Nugroho,Laki-laki,2.68,2.94,3.45,3.39,91,87,83,1,Ya,Tidak
20220451094 - Andi Cahya,Laki-laki,3.15,2.89,2.96,3.02,86,86,84,0,Tidak,Tidak
20230452793 - Tiara Pratama,Perempuan,2.98,3.37,3.19,3.72,87,81,72,2,Tidak,Tidak
20230452626 - Fira Santoso,Perempuan,2.24,2.05,2.41,2.18,70,61,50,3,Tidak,Tidak
20220456597 - Tasya Azizah,Perempuan,3.34,3.18,3.28,3.30,86,86,85,0,Tidak,Ya
20220459028 - Naufal Fadillah,Laki-laki,2.37,2.61,2.53,2.28,74,54,39,5,Tidak,Tidak
20230456217 - Aulia Pratama,Perempuan,2.49,2.49,2.21,2.70,72,68,65,1,Tidak,Tidak
20220456461 - Wulan Yusuf,Perempuan,3.18,3.16,3.21,2.84,89,89,80,0,Tidak,Tidak
20220452635 - Vina Hidayat,Perempuan,3.14,3.14,3.74,3.73,88,82,79,2,Tidak,Tidak
20230452501 - Farhan Pratama,Laki-laki,3.83,3.83,3.71,3.79,91,91,85,0,Ya,Ya
20230456203 - Fajar Putra,Laki-laki,3.10,3.09,2.89,2.57,88,82,66,2,Tidak,Ya
20230459327 - Rian Firmansyah,Laki-laki,2.90,3.03,3.14,3.28,83,81,81,1,Tidak,Tidak
20220453167 - Fira Setiawan,Perempuan,3.12,3.14,3.16,2.66,88,88,74,0,Tidak,Tidak
20230456835 - Dewi Firmansyah,Perempuan,3.49,3.60,3.32,3.66,92,92,80,0,Ya,Tidak
20220455774 - Tiara Utami,Perempuan,3.21,3.18,3.30,3.47,83,83,80,0,Tidak,Tidak
20220457795 - Agung Anggraini,Laki-laki,3.09,3.55,3.68,3.50,96,92,70,2,Tidak,Ya
20230453224 - Iqbal Laksana,Laki-laki,1.72,1.64,1.83,1.57,77,71,52,2,Tidak,Ya
20230454361 - Siti Rahman,Perempuan,3.53,3.81,3.78,3.88,92,92,92,0,Ya,Ya
20230457124 - Budi Utami,Laki-laki,2.89,2.49,2.27,2.37,85,79,57,2,Tidak,Ya
20220458511 - Nadia Pratama,Perempuan,3.02,2.73,3.19,2.83,80,80,76,0,Tidak,Tidak
20230451709 - Anisa Santoso,Perempuan,3.22,3.15,3.30,3.39,83,83,76,0,Tidak,Tidak
20230451651 - Nabila Anggraini,Perempuan,2.88,2.88,3.19,3.38,85,85,82,0,Tidak,Ya
20230452742 - Wulan Rahman,Perempuan,2.82,3.42,3.04,3.18,89,89,80,0,Tidak,Tidak
20230456377 - Nisa Permata,Perempuan,2.99,3.36,3.52,3.29,82,79,80,1,Ya,Tidak
20220455606 - Rafi Permata,Laki-laki,2.69,2.93,2.56,2.96,77,71,70,2,Tidak,Ya
20220454703 - Ahmad Kurniawan,Laki-laki,2.89,3.11,3.25,3.21,84,84,80,0,Tidak,Tidak
20230457698 - Reza Yusuf,Laki-laki,3.52,3.83,4.00,4.00,94,92,92,1,Ya,Tidak
20230452188 - Dinda Salsabila,Perempuan,2.92,2.92,3.19,3.05,90,90,81,0,Tidak,Ya
20220459555 - Indah Utami,Perempuan,2.70,2.49,2.57,3.01,76,74,68,1,Tidak,Tidak
20230458580 - Fira Sari,Perempuan,3.07,3.05,3.34,3.20,90,90,69,0,Tidak,Ya
20220457713 - Nico Febrianti,Laki-laki,2.52,2.64,2.95,3.14,84,80,63,2,Tidak,Tidak
20230451847 - Ayu Syahputra,Perempuan,3.23,3.59,3.73,3.39,88,88,87,0,Tidak,Tidak
20230456591 - Dimas Akbar,Laki-laki,2.78,2.64,2.85,2.74,75,73,61,1,Tidak,Tidak
20230454634 - Salma Cahya,Perempuan,3.26,3.53,3.31,3.46,83,77,63,2,Tidak,Tidak
20230455182 - Rafi Utami,Laki-laki,3.08,2.94,2.98,2.63,77,77,78,0,Tidak,Tidak
20230455533 - Gilang Saputra,Laki-laki,2.95,3.03,3.11,3.39,83,80,66,1,Tidak,Tidak
20230456202 - Nisa Ramadhan,Perempuan,2.54,2.81,2.90,2.67,88,82,58,2,Tidak,Tidak
20220451820 - Fajar Yusuf,Laki-laki,3.12,3.40,3.26,3.24,89,89,84,0,Tidak,Ya
20230451152 - Citra Yusuf,Perempuan,3.00,3.01,3.25,3.34,86,82,67,1,Tidak,Tidak
20230452418 - Anisa Saputra,Perempuan,2.93,3.20,3.12,2.69,83,83,82,0,Tidak,Tidak
20230451398 - Ilham Salsabila,Laki-laki,2.98,2.94,3.55,3.32,88,80,72,2,Tidak,Tidak
20230451788 - Zahra Nugroho,Perempuan,2.90,3.18,3.00,3.29,83,83,62,0,Tidak,Ya
20220459350 - Andi Ramadhan,Laki-laki,2.52,2.83,2.51,2.53,83,83,66,0,Tidak,Ya
20230457946 - Citra Azizah,Perempuan,2.36,2.60,2.58,2.86,86,84,73,1,Tidak,Ya
20230458423 - Lestari Febrianti,Perempuan,3.61,3.59,3.29,3.21,92,89,80,1,Tidak,Tidak
20230457880 - Salma Maulana,Perempuan,3.02,2.90,3.25,2.69,75,72,70,1,Tidak,Tidak
20230452054 - Salma Wijaya,Perempuan,3.01,3.58,3.44,3.13,88,88,73,0,Tidak,Tidak
20220452891 - Lestari Maulana,Perempuan,3.03,3.66,3.12,3.35,83,83,86,0,Tidak,Tidak
20220455900 - Reza Akbar,Laki-laki,3.23,3.28,3.48,3.30,85,85,78,0,Tidak,Tidak
20220459846 - Putri Maharani,Perempuan,3.60,3.75,4.00,3.77,92,92,97,0,Ya,Tidak
20230453227 - Rafi Utami,Laki-laki,3.12,3.10,3.09,3.28,87,87,85,0,Ya,Tidak
20230459319 - Budi Utami,Laki-laki,2.63,2.87,3.16,3.09,80,80,79,0,Ya,Tidak
20220457878 - Ahmad Putra,Laki-laki,2.30,2.15,2.13,1.88,68,64,49,2,Tidak,Tidak
20220452801 - Aulia Putra,Perempuan,3.46,3.35,3.84,3.87,92,92,77,0,Tidak,Tidak
20230459254 - Fauzan Setiawan,Laki-laki,3.23,2.65,2.70,2.69,86,83,65,1,Tidak,Tidak
20220454008 - Lestari Santoso,Perempuan,2.24,2.81,2.82,3.26,85,81,65,1,Tidak,Tidak
20230451659 - Melati Yusuf,Perempuan,2.14,2.10,2.31,2.16,74,65,43,3,Tidak,Tidak
20220459323 - Wahyu Anggraini,Laki-laki,2.98,3.16,3.29,3.71,85,85,86,0,Tidak,Tidak
20220451033 - Alif Wijaya,Laki-laki,3.22,3.67,3.46,3.81,92,92,89,0,Ya,Tidak
20230453752 - Nisa Putra,Perempuan,3.20,3.20,3.68,3.49,83,83,77,0,Tidak,Tidak
20220457694 - Joko Fadillah,Laki-laki,2.48,2.88,2.81,2.82,74,74,80,0,Tidak,Tidak
20230452857 - Rizky Putra,Laki-laki,3.12,3.09,3.09,2.61,75,75,77,0,Tidak,Tidak
20230458043 - Intan Syahputra,Perempuan,2.64,2.21,2.68,3.02,85,82,71,1,Tidak,Tidak
20220451296 - Fira Kurniawan,Perempuan,3.14,3.49,3.48,3.74,95,95,90,0,Tidak,Tidak
20230456180 - Tiara Kurniawan,Perempuan,2.76,2.75,2.70,2.61,76,76,80,0,Tidak,Tidak
20230455497 - Nisa Cahya,Perempuan,3.54,3.36,2.86,3.24,82,82,85,0,Tidak,Tidak
20220458456 - Alif Utami,Laki-laki,2.50,2.81,2.61,2.51,81,75,56,2,Tidak,Tidak
20230452500 - Zahra Azizah,Perempuan,4.00,4.00,3.76,3.54,95,95,97,0,Ya,Ya
20230452333 - Rahma Rahman,Perempuan,2.92,3.04,4.00,3.14,89,83,64,2,Tidak,Ya
20230458494 - Arif Wijaya,Laki-laki,2.83,2.88,2.92,3.14,79,76,71,1,Tidak,Ya
20230451655 - Ilham Putra,Laki-laki,1.91,2.31,2.45,2.43,73,58,39,5,Tidak,Tidak
20220451185 - Agung Laksana,Laki-laki,3.74,3.65,3.73,3.66,92,92,86,0,Tidak,Tidak
20220456979 - Indah Febrianti,Perempuan,3.07,2.85,3.12,2.69,74,74,76,0,Tidak,Ya
20220452612 - Yuni Aprilia,Perempuan,3.00,3.05,3.27,3.38,84,84,81,0,Tidak,Ya
20230453163 - Tiara Hidayat,Perempuan,3.70,3.33,3.91,3.47,94,94,84,0,Ya,Tidak
20230453261 - Lestari Rahman,Perempuan,2.23,2.47,2.32,2.54,68,56,53,3,Tidak,Tidak
20220453209 - Fajar Hidayat,Laki-laki,3.97,3.87,3.89,3.90,93,93,100,0,Tidak,Tidak
20230453242 - Melati Anggraini,Perempuan,2.87,2.72,2.29,2.70,80,80,71,0,Tidak,Ya
20230451875 - Fajar Setiawan,Laki-laki,2.70,2.71,2.27,2.74,83,74,60,3,Tidak,Ya
20230457006 - Wulan Firmansyah,Perempuan,3.44,2.84,3.06,2.88,85,85,79,0,Tidak,Tidak
20230451109 - Kevin Ananda,Laki-laki,3.34,3.34,3.34,3.56,91,91,88,0,Ya,Tidak
20220459948 - Indah Febrianti,Perempuan,2.61,2.71,2.71,2.53,77,77,79,0,Tidak,Tidak
20230459180 - Rahma Syahputra,Perempuan,3.71,3.90,3.95,3.99,90,90,95,0,Ya,Tidak
20230454393 - Budi Maulana,Laki-laki,3.18,2.95,3.33,2.99,83,83,77,0,Tidak,Tidak
20230454533 - Indah Permata,Perempuan,2.40,2.15,2.39,1.71,69,61,42,4,Tidak,Ya
20230457175 - Nadia Ananda,Perempuan,3.17,3.12,3.07,3.25,82,82,84,0,Tidak,Tidak
20220458979 - Nabila Akbar,Perempuan,2.89,3.01,2.97,3.02,82,82,82,0,Tidak,Tidak
20220451217 - Doni Maharani,Laki-laki,3.11,3.13,3.44,3.60,88,88,86,0,Tidak,Tidak
20230459211 - Intan Utami,Perempuan,1.96,1.70,2.09,1.95,80,74,47,2,Tidak,Ya
20220452431 - Nadia Salsabila,Perempuan,2.61,3.40,3.65,3.53,86,86,79,0,Ya,Tidak
20230451409 - Hafiz Purnama,Laki-laki,2.96,2.91,2.95,2.89,85,83,71,1,Tidak,Ya
20220456619 - Intan Anggraini,Perempuan,2.88,2.97,3.09,3.16,90,90,75,0,Tidak,Tidak
20230451086 - Bayu Hidayat,Laki-laki,3.35,3.45,3.25,3.33,82,82,88,0,Ya,Ya
20220457980 - Hafiz Sari,Laki-laki,3.54,3.44,3.72,3.73,96,96,88,0,Tidak,Ya
20220458105 - Yuni Ramadhan,Perempuan,2.95,2.89,3.20,3.25,89,89,67,0,Tidak,Ya
20230459123 - Maya Cahya,Perempuan,3.00,2.47,2.68,2.16,79,77,64,1,Tidak,Tidak
20230452987 - Nurul Sari,Perempuan,2.90,3.20,3.13,3.03,89,89,78,0,Tidak,Tidak
20230451218 - Aisyah Rahman,Perempuan,2.80,3.02,3.03,2.93,88,80,56,2,Tidak,Tidak
20220458473 - Tasya Azizah,Perempuan,3.32,3.12,3.33,3.18,90,90,87,0,Ya,Tidak
20230451969 - Budi Febrianti,Laki-laki,2.95,3.03,2.88,2.91,83,79,68,1,Tidak,Ya
20230459275 - Anisa Putra,Perempuan,2.75,3.31,3.41,3.30,91,91,92,0,Tidak,Tidak
20220459108 - Tiara Anggraini,Perempuan,2.99,2.92,3.09,2.95,85,85,79,0,Tidak,Tidak
20230454701 - Wahyu Sari,Laki-laki,2.93,2.93,3.07,2.77,83,83,76,0,Tidak,Ya
20220456381 - Vina Febrianti,Perempuan,3.57,3.87,3.51,3.93,94,94,75,0,Tidak,Tidak
20230458515 - Doni Aprilia,Laki-laki,3.17,3.10,3.24,3.27,92,92,82,0,Tidak,Ya
20220459273 - Tiara Maulana,Perempuan,2.72,2.61,2.89,2.70,78,72,57,2,Tidak,Tidak
20230457558 - Aldi Setiawan,Laki-laki,3.39,3.20,4.00,3.94,93,93,87,0,Ya,Tidak
20230454294 - Fajar Saputra,Laki-laki,3.30,2.78,3.44,3.65,91,91,83,0,Ya,Tidak
20220452464 - Salma Pratama,Perempuan,3.37,3.26,3.16,3.23,89,89,80,0,Tidak,Tidak
20220456414 - Bagas Saputra,Laki-laki,2.62,2.65,2.94,2.85,85,85,77,0,Tidak,Tidak
20230451910 - Putri Hidayat,Perempuan,2.88,2.73,2.53,2.40,88,84,67,1,Tidak,Tidak
20230456236 - Hafiz Maulana,Laki-laki,3.68,3.89,3.55,4.00,89,89,94,0,Tidak,Tidak
20220451835 - Fira Anggraini,Perempuan,2.91,2.89,3.17,3.39,85,82,71,1,Tidak,Tidak
20220458172 - Hafiz Anggraini,Laki-laki,2.33,2.67,2.50,2.08,75,71,60,2,Tidak,Tidak
20220454974 - Melati Setiawan,Perempuan,3.11,3.07,3.07,3.06,87,87,83,0,Tidak,Tidak
20220454999 - Riska Hidayat,Perempuan,3.83,3.61,4.00,4.00,90,90,95,0,Ya,Tidak
20230457477 - Hafiz Salsabila,Laki-laki,2.96,2.86,3.16,3.04,89,89,79,0,Tidak,Tidak
20220455112 - Alif Kurniawan,Laki-laki,3.32,3.28,2.82,3.20,88,88,76,0,Tidak,Tidak
20220455697 - Reza Permata,Laki-laki,2.49,2.55,2.82,2.63,87,87,70,0,Tidak,Tidak
20230453149 - Tiara Setiawan,Perempuan,3.29,3.08,2.90,3.16,91,91,86,0,Tidak,Tidak
20230456031 - Hafiz Ananda,Laki-laki,3.85,4.00,4.00,4.00,90,90,95,0,Tidak,Tidak
20230458652 - Nadia Syahputra,Perempuan,3.71,3.86,3.68,3.93,96,96,83,0,Tidak,Ya
20230455722 - Bayu Kurniawan,Laki-laki,3.18,3.33,3.29,2.87,87,83,65,1,Tidak,Ya
20220453386 - Siti Saputra,Perempuan,2.70,2.67,2.87,2.92,74,71,62,1,Tidak,Ya
20230459883 - Tasya Putra,Perempuan,3.36,3.33,3.32,3.19,84,80,73,1,Tidak,Tidak
20220455078 - Nico Laksana,Laki-laki,3.37,3.17,3.10,3.33,85,85,92,0,Ya,Tidak
20220452866 - Bagas Rahman,Laki-laki,3.07,3.16,3.04,3.23,84,78,73,2,Ya,Ya
20230454511 - Dimas Putra,Laki-laki,2.89,3.10,3.33,3.30,84,82,79,1,Tidak,Tidak
20220452884 - Kevin Cahya,Laki-laki,2.91,3.36,3.17,3.54,83,83,81,0,Tidak,Tidak
20220451829 - Dinda Sari,Perempuan,3.01,3.26,3.33,3.44,92,92,77,0,Tidak,Ya
20230453613 - Citra Syahputra,Perempuan,2.01,2.16,2.27,2.47,75,73,64,1,Tidak,Tidak
20230453401 - Siti Santoso,Perempuan,3.37,2.89,3.04,3.20,89,89,88,0,Tidak,Tidak
20220454789 - Wulan Aprilia,Perempuan,3.46,3.63,3.93,3.67,95,95,83,0,Ya,Ya
20230454933 - Ilham Setiawan,Laki-laki,2.51,2.76,2.70,2.80,75,73,58,1,Tidak,Tidak
20230455859 - Ayu Ramadhan,Perempuan,3.23,3.02,2.83,2.87,80,80,82,0,Tidak,Tidak
20230454668 - Vina Kurniawan,Perempuan,3.01,3.33,3.56,3.93,94,94,75,0,Tidak,Ya
20230456732 - Yuni Maharani,Perempuan,2.74,2.60,2.72,2.96,79,73,60,2,Ya,Tidak
20220452604 - Nurul Maulana,Perempuan,3.08,3.45,3.56,4.00,92,92,84,0,Tidak,Tidak
20230458621 - Vina Syahputra,Perempuan,2.72,2.75,2.62,2.78,83,75,55,2,Tidak,Tidak
20220451252 - Alif Azizah,Laki-laki,2.28,1.87,2.47,2.68,81,75,59,2,Tidak,Tidak
20230453863 - Kevin Kurniawan,Laki-laki,3.34,3.11,2.38,2.89,74,68,51,2,Tidak,Ya
20230455482 - Citra Maulana,Perempuan,3.11,3.25,3.80,3.83,96,96,85,0,Tidak,Tidak
20230455253 - Gilang Kurniawan,Laki-laki,3.44,3.61,3.59,3.83,95,95,92,0,Tidak,Tidak
20230451830 - Agung Ramadhan,Laki-laki,2.98,3.14,2.84,2.65,79,79,82,0,Tidak,Ya
20220457842 - Lestari Ananda,Perempuan,3.09,3.41,3.07,3.62,84,84,77,0,Tidak,Tidak
20220452979 - Fauzan Maharani,Laki-laki,3.64,3.43,3.57,3.71,91,91,84,0,Tidak,Tidak
20220458491 - Farhan Santoso,Laki-laki,3.06,2.98,3.19,3.00,84,84,84,0,Ya,Tidak
20230457789 - Budi Ananda,Laki-laki,2.87,3.05,3.35,3.21,86,86,87,0,Tidak,Tidak
20230457113 - Zahra Hidayat,Perempuan,2.29,2.75,2.73,3.05,80,80,72,0,Tidak,Tidak
20220453658 - Indah Putra,Perempuan,3.68,3.37,3.54,3.17,92,92,80,0,Tidak,Tidak
20220459944 - Nadia Syahputra,Perempuan,3.60,3.38,3.82,3.69,90,90,80,0,Tidak,Tidak
20220455815 - Tiara Utami,Perempuan,2.76,2.97,3.02,3.15,85,76,49,3,Tidak,Ya
20230456443 - Bayu Utami,Laki-laki,2.48,2.98,3.00,3.13,76,72,68,1,Tidak,Tidak
20230459097 - Citra Syahputra,Perempuan,3.17,2.94,3.20,3.30,90,90,92,0,Ya,Tidak
20220456991 - Nabila Purnama,Perempuan,2.93,3.25,3.58,3.41,89,89,91,0,Ya,Tidak
20220456112 - Budi Ramadhan,Laki-laki,3.44,3.32,2.93,3.02,85,85,88,0,Tidak,Tidak
20230452228 - Gilang Sari,Laki-laki,2.71,3.09,3.55,3.42,91,91,84,0,Tidak,Tidak
20230456472 - Nabila Febrianti,Perempuan,2.70,2.87,3.23,2.97,80,77,76,1,Tidak,Tidak
20230453176 - Melati Nugroho,Perempuan,3.25,3.05,3.22,3.33,88,88,80,0,Tidak,Tidak
20230451300 - Joko Sari,Laki-laki,3.15,3.86,3.84,3.69,95,95,88,0,Ya,Tidak
20230459009 - Vina Syahputra,Perempuan,2.49,2.53,2.45,2.54,83,83,70,0,Tidak,Tidak
20230455692 - Dinda Rahman,Perempuan,3.80,4.00,3.63,3.76,90,90,79,0,Tidak,Tidak
20230457774 - Ayu Syahputra,Perempuan,2.50,2.55,2.34,2.29,75,71,61,1,Tidak,Ya
20220458968 - Aldi Akbar,Laki-laki,3.10,2.84,2.73,2.76,77,74,71,1,Tidak,Tidak
20220457251 - Salma Azizah,Perempuan,3.70,4.00,4.00,4.00,93,93,91,0,Tidak,Tidak
20230452071 - Aulia Maulana,Perempuan,2.18,2.58,2.48,2.62,71,67,54,1,Tidak,Ya
20220453771 - Tiara Sari,Perempuan,3.49,3.36,3.26,3.50,93,89,80,2,Tidak,Tidak
20230458010 - Indah Firmansyah,Perempuan,3.25,3.06,2.83,3.18,88,88,80,0,Tidak,Tidak
20230456824 - Wulan Kurniawan,Perempuan,2.41,2.75,2.78,2.47,88,88,71,0,Tidak,Ya
20230458758 - Nadia Sari,Perempuan,2.92,2.91,3.31,3.24,89,89,74,0,Tidak,Tidak
20230454374 - Riska Utami,Perempuan,3.29,3.99,3.97,4.00,92,88,86,1,Tidak,Tidak
20220451381 - Farhan Firmansyah,Laki-laki,2.46,2.95,2.92,3.22,77,74,70,1,Tidak,Tidak
20220451735 - Nurul Cahya,Perempuan,2.49,2.01,2.61,2.48,75,72,52,1,Tidak,Ya
20220458326 - Budi Akbar,Laki-laki,3.22,2.74,2.60,2.90,81,81,79,0,Tidak,Tidak
20220452815 - Farhan Febrianti,Laki-laki,3.73,3.85,3.88,4.00,94,94,98,0,Ya,Tidak
20230451967 - Dinda Kurniawan,Perempuan,2.37,2.19,2.40,2.20,69,65,58,2,Tidak,Tidak
20220453008 - Naufal Yusuf,Laki-laki,2.79,3.29,2.97,3.39,84,84,75,0,Tidak,Tidak
20220454063 - Fauzan Firmansyah,Laki-laki,2.66,2.64,2.55,2.40,84,81,67,1,Tidak,Tidak
20220457479 - Aulia Aprilia,Perempuan,2.76,2.80,2.88,3.25,80,80,82,0,Tidak,Tidak
20220456989 - Andi Hidayat,Laki-laki,3.00,3.38,3.33,3.62,92,92,77,0,Tidak,Tidak
20220452406 - Salma Anggraini,Perempuan,2.95,3.00,3.15,3.28,90,90,78,0,Tidak,Tidak
20230456800 - Agung Sari,Laki-laki,3.26,3.19,3.77,3.68,92,86,70,2,Tidak,Ya
20230457843 - Siti Setiawan,Perempuan,3.67,3.72,3.75,3.94,88,85,74,1,Tidak,Ya
20230454101 - Riska Setiawan,Perempuan,2.42,2.61,3.03,3.38,78,78,79,0,Tidak,Ya
20220457293 - Rafi Salsabila,Laki-laki,2.97,2.92,2.97,2.68,81,77,55,1,Tidak,Tidak
20220452852 - Maya Yusuf,Perempuan,2.30,2.24,2.57,2.61,75,66,51,3,Tidak,Tidak
20220459923 - Siti Putra,Perempuan,3.05,2.87,2.99,3.00,87,81,65,2,Tidak,Ya
20230459316 - Dimas Hidayat,Laki-laki,3.59,3.47,3.47,3.71,95,95,91,0,Tidak,Tidak
20230454368 - Wulan Laksana,Perempuan,1.82,1.88,1.71,1.75,81,73,41,4,Tidak,Tidak
20230453433 - Alif Permata,Laki-laki,3.47,3.30,2.95,3.02,83,83,85,0,Tidak,Tidak
20220457306 - Arif Akbar,Laki-laki,3.08,3.20,3.05,3.44,90,90,84,0,Tidak,Tidak
20230452739 - Vina Maulana,Perempuan,3.55,3.54,3.75,3.68,93,93,87,0,Tidak,Tidak
20220458457 - Intan Setiawan,Perempuan,2.85,2.90,3.14,3.26,90,88,76,1,Tidak,Tidak
20230457985 - Zahra Maharani,Perempuan,3.64,3.59,3.77,4.00,95,95,87,0,Ya,Tidak
20220452961 - Farhan Ramadhan,Laki-laki,3.80,4.00,3.74,3.84,96,96,95,0,Ya,Tidak
20220453588 - Rian Fadillah,Laki-laki,3.07,3.12,3.71,3.57,90,90,87,0,Tidak,Tidak
20220452490 - Farhan Wijaya,Laki-laki,3.71,3.90,3.92,4.00,92,92,82,0,Tidak,Tidak
20230457979 - Yoga Santoso,Laki-laki,3.16,3.39,3.58,3.80,94,94,92,0,Tidak,Ya
20220455277 - Budi Wijaya,Laki-laki,3.06,3.10,3.65,3.33,87,87,76,0,Tidak,Tidak
20220453974 - Nico Utami,Laki-laki,3.08,3.21,3.41,3.06,82,82,80,0,Tidak,Tidak
20230453038 - Yoga Akbar,Laki-laki,2.20,2.48,2.23,2.41,81,79,70,1,Tidak,Tidak
20220452259 - Nadia Aprilia,Perempuan,2.72,3.19,3.14,3.76,86,86,79,0,Tidak,Ya
20220451877 - Indah Maharani,Perempuan,2.56,2.40,2.28,2.59,77,73,55,1,Tidak,Ya
20230455704 - Hafiz Santoso,Laki-laki,3.08,3.37,2.86,3.29,89,89,86,0,Tidak,Ya
20230452562 - Intan Sari,Perempuan,2.98,2.89,3.71,4.00,90,90,76,0,Ya,Ya
20230455472 - Nurul Ramadhan,Perempuan,3.42,3.29,3.44,3.35,83,83,76,0,Tidak,Ya
20220453461 - Dewi Nugroho,Perempuan,3.78,3.58,3.56,3.69,90,90,81,0,Tidak,Tidak
20220459530 - Lestari Salsabila,Perempuan,3.46,3.53,3.44,3.20,90,90,89,0,Ya,Tidak
20230456106 - Farhan Saputra,Laki-laki,2.17,2.95,2.41,2.82,78,78,65,0,Tidak,Ya
20220451056 - Dinda Setiawan,Perempuan,3.50,3.63,3.49,4.00,96,96,92,0,Tidak,Tidak
20220453397 - Nabila Purnama,Perempuan,3.68,3.70,3.86,4.00,88,85,77,1,Tidak,Ya
20220454558 - Dinda Ramadhan,Perempuan,2.22,2.28,1.98,2.23,73,64,51,3,Tidak,Ya
20230455009 - Andi Fadillah,Laki-laki,2.13,2.54,2.81,2.77,81,79,81,1,Ya,Ya
20230457144 - Dimas Syahputra,Laki-laki,2.39,2.30,3.01,2.54,79,75,62,1,Tidak,Tidak
20230454432 - Vina Saputra,Perempuan,3.35,2.55,2.80,2.78,87,85,67,1,Tidak,Ya
20220456151 - Arif Pratama,Laki-laki,2.81,2.52,2.64,2.64,88,88,71,0,Tidak,Tidak
20230458684 - Salma Setiawan,Perempuan,2.95,3.28,3.12,3.21,83,79,81,1,Tidak,Tidak
20230451436 - Indah Firmansyah,Perempuan,3.53,3.61,3.58,3.79,94,94,91,0,Ya,Tidak
20230457461 - Hafiz Maulana,Laki-laki,2.75,3.14,3.16,3.21,90,90,84,0,Tidak,Tidak
20230451279 - Siti Ramadhan,Perempuan,3.07,3.14,3.52,3.40,88,88,79,0,Tidak,Tidak
20230454979 - Yoga Syahputra,Laki-laki,2.78,3.05,2.87,3.21,83,80,71,1,Tidak,Tidak
20230452438 - Salma Firmansyah,Perempuan,3.40,3.39,3.61,3.46,94,94,79,0,Tidak,Tidak
20230456159 - Gilang Rahman,Laki-laki,3.65,3.49,3.44,3.92,92,92,85,0,Tidak,Ya
20230456200 - Galih Fadillah,Laki-laki,2.92,2.88,2.95,3.13,81,81,77,0,Tidak,Tidak
20230457185 - Melati Permata,Perempuan,4.00,4.00,4.00,4.00,95,91,82,1,Tidak,Tidak
20230459215 - Intan Putra,Perempuan,3.04,3.41,3.66,3.49,95,95,81,0,Tidak,Ya
20230458449 - Tiara Wijaya,Perempuan,3.17,3.37,3.82,3.34,89,81,68,2,Tidak,Tidak
20230454248 - Nadia Ananda,Perempuan,2.75,2.64,2.77,2.50,84,78,48,3,Tidak,Tidak
20220456707 - Nisa Setiawan,Perempuan,3.45,3.54,3.89,4.00,92,92,94,0,Tidak,Ya
20230458173 - Andi Saputra,Laki-laki,3.91,3.85,3.90,4.00,95,95,95,0,Tidak,Tidak
20230454241 - Dinda Pratama,Perempuan,2.42,2.81,2.44,2.55,76,76,77,0,Tidak,Ya
20230453264 - Gilang Kurniawan,Laki-laki,2.76,2.66,2.57,2.37,86,86,71,0,Tidak,Ya
20220459436 - Alif Yusuf,Laki-laki,3.03,3.14,3.42,3.17,83,83,76,0,Tidak,Tidak
20230452620 - Galih Anggraini,Laki-laki,2.73,2.50,2.67,2.70,85,82,68,1,Tidak,Tidak
20220459877 - Putri Permata,Perempuan,2.32,2.06,2.46,2.11,73,71,56,1,Tidak,Ya
20230458328 - Rahma Maulana,Perempuan,3.15,3.14,3.19,3.29,89,89,78,0,Tidak,Ya
20230454850 - Nadia Purnama,Perempuan,3.72,3.45,3.58,3.79,96,96,84,0,Tidak,Tidak
20230455168 - Tiara Purnama,Perempuan,3.16,3.13,3.05,3.24,88,82,62,2,Tidak,Tidak
20230456728 - Aldi Sari,Laki-laki,3.40,3.57,4.00,3.95,92,92,90,0,Ya,Tidak
20230455687 - Lestari Pratama,Perempuan,3.14,3.32,3.63,3.30,82,82,81,0,Tidak,Tidak
20220457446 - Tiara Purnama,Perempuan,3.50,3.39,3.31,3.59,89,89,80,0,Tidak,Tidak
20220459740 - Yoga Aprilia,Laki-laki,3.18,2.96,2.81,3.02,79,79,82,0,Tidak,Tidak
20230454271 - Dinda Fadillah,Perempuan,2.93,3.09,2.79,3.07,82,79,62,1,Tidak,Ya
20230451206 - Bagas Firmansyah,Laki-laki,3.29,3.37,3.62,3.98,95,93,92,1,Ya,Tidak
20230459078 - Citra Firmansyah,Perempuan,2.37,2.78,2.63,2.91,78,75,61,1,Tidak,Tidak
20230454725 - Maya Syahputra,Perempuan,2.78,3.04,3.09,3.15,88,88,72,0,Ya,Ya
20230453851 - Aulia Santoso,Perempuan,3.02,2.74,3.04,2.66,74,66,58,2,Tidak,Tidak
20220455514 - Wahyu Hidayat,Laki-laki,3.01,3.02,2.94,2.95,75,69,61,2,Tidak,Tidak
20230451165 - Tasya Utami,Perempuan,2.90,3.03,2.90,3.02,80,74,61,2,Tidak,Ya
20220457814 - Wahyu Saputra,Laki-laki,2.08,2.15,2.21,2.37,80,77,58,1,Tidak,Tidak
20220456694 - Bagas Hidayat,Laki-laki,3.59,3.10,3.44,3.36,89,89,88,0,Ya,Tidak
20230451143 - Rizky Cahya,Laki-laki,2.50,2.56,2.54,2.61,83,83,74,0,Ya,Ya
20220453049 - Joko Salsabila,Laki-laki,3.22,3.28,3.47,3.74,88,88,79,0,Tidak,Tidak
20230456188 - Siti Ramadhan,Perempuan,3.23,3.51,3.90,3.93,90,90,96,0,Ya,Tidak
20220451210 - Zahra Salsabila,Perempuan,2.84,2.79,2.84,3.42,86,80,65,2,Tidak,Tidak
20230453201 - Ilham Pratama,Laki-laki,3.77,3.64,4.00,4.00,95,95,92,0,Ya,Tidak
20230458210 - Fira Firmansyah,Perempuan,2.74,2.01,2.50,2.39,79,67,37,4,Tidak,Tidak
20230452941 - Rangga Syahputra,Laki-laki,3.25,3.16,3.16,3.00,82,82,89,0,Tidak,Tidak
20220457303 - Nabila Saputra,Perempuan,2.85,3.17,3.22,3.54,90,90,84,0,Tidak,Tidak
20230453690 - Bagas Yusuf,Laki-laki,2.40,2.40,2.29,2.63,75,67,48,2,Tidak,Tidak
20220452665 - Dimas Sari,Laki-laki,3.01,3.05,3.34,3.44,89,89,80,0,Tidak,Ya
20220459764 - Tasya Nugroho,Perempuan,3.16,3.52,3.46,3.10,85,85,83,0,Tidak,Ya
20230458832 - Salma Firmansyah,Perempuan,2.43,2.58,2.37,2.67,79,79,71,0,Ya,Tidak
20220451234 - Dewi Rahman,Perempuan,3.61,3.87,3.57,3.45,95,95,86,0,Tidak,Tidak
20230452767 - Reza Febrianti,Laki-laki,2.13,2.61,2.93,2.73,76,64,48,3,Tidak,Tidak
20220457371 - Siti Maharani,Perempuan,3.02,3.29,3.16,3.47,91,89,83,1,Tidak,Tidak
20220452292 - Aisyah Salsabila,Perempuan,3.01,3.03,2.98,3.18,91,89,62,1,Tidak,Ya
20230454194 - Lestari Aprilia,Perempuan,2.44,2.59,3.01,2.89,78,78,82,0,Ya,Tidak
20230454497 - Maya Nugroho,Perempuan,3.28,3.74,3.83,3.57,90,90,95,0,Ya,Tidak
20230455060 - Indah Azizah,Perempuan,3.83,3.66,3.56,3.52,89,89,95,0,Tidak,Tidak
20220452966 - Arif Azizah,Laki-laki,2.60,2.81,3.12,3.42,86,86,78,0,Tidak,Tidak
20220458971 - Riska Anggraini,Perempuan,2.71,2.78,2.64,2.82,86,86,77,0,Tidak,Ya
20230454903 - Aisyah Putra,Perempuan,2.57,3.02,3.23,2.93,84,81,74,1,Ya,Tidak
20220453715 - Aulia Purnama,Perempuan,2.72,3.00,3.15,2.99,88,85,60,1,Tidak,Tidak
20220453627 - Aldi Wijaya,Laki-laki,2.44,3.02,3.21,2.89,78,78,80,0,Tidak,Tidak
20230455629 - Ilham Ramadhan,Laki-laki,3.28,2.97,2.70,2.54,74,74,80,0,Ya,Tidak
20230458186 - Nico Yusuf,Laki-laki,2.62,2.89,2.70,2.89,76,76,68,0,Tidak,Ya
20220451742 - Bagas Fadillah,Laki-laki,2.93,3.12,2.95,3.25,87,87,82,0,Tidak,Tidak
20230456607 - Joko Maulana,Laki-laki,2.73,3.35,3.48,3.35,86,86,90,0,Ya,Tidak
20220456626 - Lestari Putra,Perempuan,2.91,2.63,2.56,2.79,74,74,77,0,Tidak,Tidak
20220454408 - Salma Santoso,Perempuan,3.17,3.21,3.87,3.14,86,86,85,0,Tidak,Tidak
20230457341 - Nurul Maulana,Perempuan,2.51,2.41,2.81,2.64,76,73,69,1,Tidak,Tidak
20220459698 - Yuni Kurniawan,Perempuan,3.49,3.80,3.66,4.00,93,93,93,0,Tidak,Tidak
20220453954 - Yuni Wijaya,Perempuan,3.35,3.14,3.62,3.46,92,92,83,0,Tidak,Tidak
20230458760 - Agung Fadillah,Laki-laki,3.17,3.30,3.23,2.77,90,90,75,0,Tidak,Tidak
